Workbook

Sheet Explanation
A1: Additional land-use claims of the Land Use Scanner demo, in hectares, per province (prvnr as in geography.dms), cumulative since the base year in the sheet Years (2022).
A2: The model reads the base year and the claim years from the sheet Years. It takes the claim at ModelYear minus the claim at StartYear, linear between the claim years (0 in the base year), and adds up the provinces per landsdeel when it allocates per landsdeel.
A3: New claims: put their base year and claim years in the sheet Years and give each land-use sheet a column <scenario>_<year> for each claim year. StartYear (the year of the land-use map) may not be before the base year.
A4: The four storylines (A1 Global Economy, A2 Transatlantic Market, B1 Strong Europe, B2 Regional Communities) are quantified with the WLO 2025 (PBL):
A5: - growth: A1 and B1 (global, most population growth) follow scenario Hoog, A2 and B2 (regional) follow scenario Laag;
A6: - spatial pattern: A (market, less restrictive) follows the uncertainty exploration Uitleg (urban expansion), B (cooperation, concentration) the exploration Verdichting (densification).
A7: Residential + industrial: growth of the built-up area per COROP region in WLO (open data, 2021 to 2040 and 2050), times the factor of the exploration, without the share of holiday parks, split into residential and industrial with the shares of the exploration (sheet Parameters).
A8: Industrial land grows less in WLO 2025 than in the past (CBS land-use statistics 1996-2017: 1,343 ha per year). Recreation grew at 1,056 ha per year in the same period, so in some scenarios it now grows as much as industrial land.
A9: Recreation: holiday parks as the share of the growth of the built-up area in WLO (modelled with the Land Use Scanner, figure 4.2), plus day recreation: population growth per COROP region in WLO times the current day recreation area per inhabitant.
A10: Nature: A1 and A2 the minimum of the Nature Network Netherlands (NNN), B1 its maximum, B2 the new nature of the Nature Outlook that WLO uses; realised before 2030 and divided over the provinces as the new nature in WLO.
A11: Building lot: stays at its current area. Agriculture: takes the rest, per province, so that the claims of each province add up to 0.
A12: WLO 2025 starts in 2021; its growth from 2021 counts from the base year 2022, the year of the land-use map (CBS NBBG2022, 1 January 2022). 2030 lies linearly between the base year and 2040.
... A15: Built by Object Vision, 2026-10-22.

Sheet Years
A1: year | B1: role | C1: description
A2: 2022 | B2: base | C2: Base year: the claims in the land-use sheets are cumulative from this year (0 in this year). It is the year of the land-use map (CBS NBBG2022, 1 January 2022). WLO 2025 starts in 2021; its growth from 2021 counts from this year.
A3: 2030 | B3: claim | C3: Linear between the base year and 2040: share_2030 in the sheet Parameters.
A4: 2040 | B4: claim | C4: WLO 2025.
A5: 2050 | B5: claim | C5: WLO 2025.

Sheet COROP
A1: code | B1: name | C1: province | D1: prvnr | E1: builtup_2021 | F1: builtup_2040_Hoog | G1: builtup_2050_Hoog | H1: builtup_2040_Laag | I1: builtup_2050_Laag | J1: pop_2021 | K1: pop_2040_Hoog | L1: pop_2050_Hoog | M1: pop_2040_Laag | N1: pop_2050_Laag | O1: nature_2021 | P1: nature_2040_Hoog | Q1: nature_2040_Laag | R1: d_builtup_2040_Hoog | S1: d_builtup_2050_Hoog | T1: d_builtup_2040_Laag | U1: d_builtup_2050_Laag | V1: d_pop_2040_Hoog | W1: d_pop_2050_Hoog | X1: d_pop_2040_Laag | Y1: d_pop_2050_Laag | Z1: d_nature_2040_Hoog | AA1: d_nature_2040_Laag
A2: 1 | B2: Oost-Groningen | C2: Groningen | D2: 1 | E2: 54.3 | F2: 55.9 | G2: 56.6 | H2: 55.5 | I2: 56.7 | J2: 136 | K2: 135 | L2: 134 | M2: 127 | N2: 123 | O2: 67.7 | P2: 78.2 | Q2: 78.2 | R2: =MAX(F2-E2,0)*100 -> 160 | S2: =MAX(G2-E2,0)*100 -> 230 | T2: =MAX(H2-E2,0)*100 -> 120 | U2: =MAX(I2-E2,0)*100 -> 240 | V2: =MAX(K2-J2,0)*1000 -> 0 | W2: =MAX(L2-J2,0)*1000 -> 0 | X2: =MAX(M2-J2,0)*1000 -> 0 | Y2: =MAX(N2-J2,0)*1000 -> 0 | Z2: =MAX(P2-O2,0)*100 -> 1050 | AA2: =MAX(Q2-O2,0)*100 -> 1050
A3: 2 | B3: Delfzijl en omgeving | C3: Groningen | D3: 1 | E3: 18.5 | F3: 19.2 | G3: 19.3 | H3: 19.3 | I3: 19.8 | J3: 46 | K3: 46 | L3: 45 | M3: 44 | N3: 43 | O3: 7.4 | P3: 9.2 | Q3: 9.2 | R3: =MAX(F3-E3,0)*100 -> 70 | S3: =MAX(G3-E3,0)*100 -> 80 | T3: =MAX(H3-E3,0)*100 -> 80 | U3: =MAX(I3-E3,0)*100 -> 130 | V3: =MAX(K3-J3,0)*1000 -> 0 | W3: =MAX(L3-J3,0)*1000 -> 0 | X3: =MAX(M3-J3,0)*1000 -> 0 | Y3: =MAX(N3-J3,0)*1000 -> 0 | Z3: =MAX(P3-O3,0)*100 -> 180 | AA3: =MAX(Q3-O3,0)*100 -> 180
A4: 3 | B4: Overig Groningen | C4: Groningen | D4: 1 | E4: 106.8 | F4: 118.7 | G4: 122.4 | H4: 113.2 | I4: 115.8 | J4: 405 | K4: 474 | L4: 492 | M4: 446 | N4: 442 | O4: 119.1 | P4: 149.9 | Q4: 149.9 | R4: =MAX(F4-E4,0)*100 -> 1190 | S4: =MAX(G4-E4,0)*100 -> 1560 | T4: =MAX(H4-E4,0)*100 -> 640 | U4: =MAX(I4-E4,0)*100 -> 900 | V4: =MAX(K4-J4,0)*1000 -> 69000 | W4: =MAX(L4-J4,0)*1000 -> 87000 | X4: =MAX(M4-J4,0)*1000 -> 41000 | Y4: =MAX(N4-J4,0)*1000 -> 37000 | Z4: =MAX(P4-O4,0)*100 -> 3080 | AA4: =MAX(Q4-O4,0)*100 -> 3080
A5: 4 | B5: Noord-Friesland | C5: Friesland | D5: 2 | E5: 103 | F5: 113.1 | G5: 117.3 | H5: 111.4 | I5: 117.2 | J5: 321 | K5: 340 | L5: 345 | M5: 326 | N5: 324 | O5: 268.9 | P5: 308 | Q5: 307.9 | R5: =MAX(F5-E5,0)*100 -> 1010 | S5: =MAX(G5-E5,0)*100 -> 1430 | T5: =MAX(H5-E5,0)*100 -> 840 | U5: =MAX(I5-E5,0)*100 -> 1420 | V5: =MAX(K5-J5,0)*1000 -> 19000 | W5: =MAX(L5-J5,0)*1000 -> 24000 | X5: =MAX(M5-J5,0)*1000 -> 5000 | Y5: =MAX(N5-J5,0)*1000 -> 3000 | Z5: =MAX(P5-O5,0)*100 -> 3910 | AA5: =MAX(Q5-O5,0)*100 -> 3900
A6: 5 | B6: Zuidwest-Friesland | C6: Friesland | D6: 2 | E6: 49.5 | F6: 52.2 | G6: 55.3 | H6: 52.2 | I6: 56.4 | J6: 142 | K6: 140 | L6: 141 | M6: 132 | N6: 130 | O6: 59.1 | P6: 77 | Q6: 77 | R6: =MAX(F6-E6,0)*100 -> 270 | S6: =MAX(G6-E6,0)*100 -> 580 | T6: =MAX(H6-E6,0)*100 -> 270 | U6: =MAX(I6-E6,0)*100 -> 690 | V6: =MAX(K6-J6,0)*1000 -> 0 | W6: =MAX(L6-J6,0)*1000 -> 0 | X6: =MAX(M6-J6,0)*1000 -> 0 | Y6: =MAX(N6-J6,0)*1000 -> 0 | Z6: =MAX(P6-O6,0)*100 -> 1790 | AA6: =MAX(Q6-O6,0)*100 -> 1790
A7: 6 | B7: Zuidoost-Friesland | C7: Friesland | D7: 2 | E7: 60.9 | F7: 64.7 | G7: 66.1 | H7: 63.2 | I7: 64.6 | J7: 188 | K7: 195 | L7: 198 | M7: 183 | N7: 179 | O7: 157.6 | P7: 172.7 | Q7: 172.7 | R7: =MAX(F7-E7,0)*100 -> 380 | S7: =MAX(G7-E7,0)*100 -> 520 | T7: =MAX(H7-E7,0)*100 -> 230 | U7: =MAX(I7-E7,0)*100 -> 370 | V7: =MAX(K7-J7,0)*1000 -> 7000 | W7: =MAX(L7-J7,0)*1000 -> 10000 | X7: =MAX(M7-J7,0)*1000 -> 0 | Y7: =MAX(N7-J7,0)*1000 -> 0 | Z7: =MAX(P7-O7,0)*100 -> 1510 | AA7: =MAX(Q7-O7,0)*100 -> 1510
A8: 7 | B8: Noord-Drenthe | C8: Drenthe | D8: 3 | E8: 74.5 | F8: 79.8 | G8: 82.8 | H8: 77.5 | I8: 79.9 | J8: 193 | K8: 200 | L8: 205 | M8: 187 | N8: 185 | O8: 297.7 | P8: 338.8 | Q8: 339 | R8: =MAX(F8-E8,0)*100 -> 530 | S8: =MAX(G8-E8,0)*100 -> 830 | T8: =MAX(H8-E8,0)*100 -> 300 | U8: =MAX(I8-E8,0)*100 -> 540 | V8: =MAX(K8-J8,0)*1000 -> 7000 | W8: =MAX(L8-J8,0)*1000 -> 12000 | X8: =MAX(M8-J8,0)*1000 -> 0 | Y8: =MAX(N8-J8,0)*1000 -> 0 | Z8: =MAX(P8-O8,0)*100 -> 4110 | AA8: =MAX(Q8-O8,0)*100 -> 4130
A9: 8 | B9: Zuidoost-Drenthe | C9: Drenthe | D9: 3 | E9: 69.5 | F9: 73.2 | G9: 75.1 | H9: 72.4 | I9: 74.7 | J9: 168 | K9: 164 | L9: 160 | M9: 155 | N9: 150 | O9: 149.6 | P9: 167.2 | Q9: 167.2 | R9: =MAX(F9-E9,0)*100 -> 370 | S9: =MAX(G9-E9,0)*100 -> 560 | T9: =MAX(H9-E9,0)*100 -> 290 | U9: =MAX(I9-E9,0)*100 -> 520 | V9: =MAX(K9-J9,0)*1000 -> 0 | W9: =MAX(L9-J9,0)*1000 -> 0 | X9: =MAX(M9-J9,0)*1000 -> 0 | Y9: =MAX(N9-J9,0)*1000 -> 0 | Z9: =MAX(P9-O9,0)*100 -> 1760 | AA9: =MAX(Q9-O9,0)*100 -> 1760
A10: 9 | B10: Zuidwest-Drenthe | C10: Drenthe | D10: 3 | E10: 44.1 | F10: 50 | G10: 51.9 | H10: 48.9 | I10: 50.6 | J10: 134 | K10: 139 | L10: 140 | M10: 132 | N10: 129 | O10: 191.8 | P10: 207.8 | Q10: 207.8 | R10: =MAX(F10-E10,0)*100 -> 590 | S10: =MAX(G10-E10,0)*100 -> 780 | T10: =MAX(H10-E10,0)*100 -> 480 | U10: =MAX(I10-E10,0)*100 -> 650 | V10: =MAX(K10-J10,0)*1000 -> 5000 | W10: =MAX(L10-J10,0)*1000 -> 6000 | X10: =MAX(M10-J10,0)*1000 -> 0 | Y10: =MAX(N10-J10,0)*1000 -> 0 | Z10: =MAX(P10-O10,0)*100 -> 1600 | AA10: =MAX(Q10-O10,0)*100 -> 1600
A11: 10 | B11: Noord-Overijssel | C11: Overijssel | D11: 4 | E11: 106.8 | F11: 122.9 | G11: 136.3 | H11: 118 | I11: 125.1 | J11: 378 | K11: 425 | L11: 456 | M11: 399 | N11: 404 | O11: 253.8 | P11: 283.7 | Q11: 283.7 | R11: =MAX(F11-E11,0)*100 -> 1610 | S11: =MAX(G11-E11,0)*100 -> 2950 | T11: =MAX(H11-E11,0)*100 -> 1120 | U11: =MAX(I11-E11,0)*100 -> 1830 | V11: =MAX(K11-J11,0)*1000 -> 47000 | W11: =MAX(L11-J11,0)*1000 -> 78000 | X11: =MAX(M11-J11,0)*1000 -> 21000 | Y11: =MAX(N11-J11,0)*1000 -> 26000 | Z11: =MAX(P11-O11,0)*100 -> 2990 | AA11: =MAX(Q11-O11,0)*100 -> 2990
A12: 11 | B12: Zuidwest-Overijssel | C12: Overijssel | D12: 4 | E12: 35.8 | F12: 38 | G12: 39.3 | H12: 36.8 | I12: 37.1 | J12: 158 | K12: 171 | L12: 175 | M12: 158 | N12: 155 | O12: 52.7 | P12: 59 | Q12: 59.1 | R12: =MAX(F12-E12,0)*100 -> 220 | S12: =MAX(G12-E12,0)*100 -> 350 | T12: =MAX(H12-E12,0)*100 -> 100 | U12: =MAX(I12-E12,0)*100 -> 130 | V12: =MAX(K12-J12,0)*1000 -> 13000 | W12: =MAX(L12-J12,0)*1000 -> 17000 | X12: =MAX(M12-J12,0)*1000 -> 0 | Y12: =MAX(N12-J12,0)*1000 -> 0 | Z12: =MAX(P12-O12,0)*100 -> 630 | AA12: =MAX(Q12-O12,0)*100 -> 640
A13: 12 | B13: Twente | C13: Overijssel | D13: 4 | E13: 164.6 | F13: 174.6 | G13: 177.4 | H13: 170.8 | I13: 173.3 | J13: 632 | K13: 643 | L13: 640 | M13: 611 | N13: 591 | O13: 294.9 | P13: 334 | Q13: 334.1 | R13: =MAX(F13-E13,0)*100 -> 1000 | S13: =MAX(G13-E13,0)*100 -> 1280 | T13: =MAX(H13-E13,0)*100 -> 620 | U13: =MAX(I13-E13,0)*100 -> 870 | V13: =MAX(K13-J13,0)*1000 -> 11000 | W13: =MAX(L13-J13,0)*1000 -> 8000 | X13: =MAX(M13-J13,0)*1000 -> 0 | Y13: =MAX(N13-J13,0)*1000 -> 0 | Z13: =MAX(P13-O13,0)*100 -> 3910 | AA13: =MAX(Q13-O13,0)*100 -> 3920
... A41: 40 | B41: Flevoland | C41: Flevoland | D41: 12 | E41: 101.9 | F41: 137.7 | G41: 160.2 | H41: 117.7 | I41: 127 | J41: 429 | K41: 555 | L41: 609 | M41: 470 | N41: 475 | O41: 250.8 | P41: 270.8 | Q41: 272.3 | R41: =MAX(F41-E41,0)*100 -> 3580 | S41: =MAX(G41-E41,0)*100 -> 5830 | T41: =MAX(H41-E41,0)*100 -> 1580 | U41: =MAX(I41-E41,0)*100 -> 2510 | V41: =MAX(K41-J41,0)*1000 -> 126000 | W41: =MAX(L41-J41,0)*1000 -> 180000 | X41: =MAX(M41-J41,0)*1000 -> 41000 | Y41: =MAX(N41-J41,0)*1000 -> 46000 | Z41: =MAX(P41-O41,0)*100 -> 2000 | AA41: =MAX(Q41-O41,0)*100 -> 2150
A43: Built-up area and nature in km2, population in thousands (WLO 2025, open data cahier Regionale ontwikkelingen en ruimtegebruik). Columns d_ are growth since 2021: built-up area and nature in ha, population in persons; decline counts as 0.

Sheet Parameters
A1: Parameter | B1: Value | C1: Description
A2: share_2030 | B2: =(2030-Years!A2)/(2040-Years!A2) -> 0.44444444 | C2: Share of the growth up to 2040 that is reached in 2030: linear from the base year in the sheet Years.
A3: recreation_base_year_ha | B3: 125994.48 | C3: Current recreation area in the land-use map of the base year (CBS NBBG2022 in this demo).
A4: population_2021 | B4: =SUM(COROP!J2:J41)*1000 -> 17475000 | C4: Population in WLO 2021.
A5: day_recreation_ha_per_inhabitant | B5: =(B3-B26)/B4 -> 0.0059951445 | C5: Area for day recreation (parks, sports, allotments, day recreation sites) per inhabitant, kept constant: the current recreation area minus holiday parks.
A7: Figure 4.2 of the WLO cahier: share of the land area in 2060 (2021 for the base), percent; measured from the figure
A8: variant | B8: residential | C8: industrial | D8: holiday parks | E8: growth total | F8: factor to reference | G8: residential share of res+ind | H8: holiday park share of growth
A9: 2021 | B9: 7.34 | C9: 3.98 | D9: 0.61
A10: Hoog | B10: 9.63 | C10: 4.59 | D10: 0.76 | E10: =(B10+C10+D10)-(B$9+C$9+D$9) -> 3.05 | F10: 1 | G10: =(B10-B$9)/((B10-B$9)+(C10-C$9)) -> 0.78965517 | H10: =(D10-D$9)/E10 -> 0.049180328
A11: Hoog Verdichting | B11: 8.87 | C11: 4.59 | D11: 0.92 | E11: =(B11+C11+D11)-(B$9+C$9+D$9) -> 2.45 | F11: =E11/E10 -> 0.80327869 | G11: =(B11-B$9)/((B11-B$9)+(C11-C$9)) -> 0.71495327 | H11: =(D11-D$9)/E11 -> 0.12653061
A12: Hoog Uitleg | B12: 10.09 | C12: 4.89 | D12: 0.76 | E12: =(B12+C12+D12)-(B$9+C$9+D$9) -> 3.81 | F12: =E12/E10 -> 1.2491803 | G12: =(B12-B$9)/((B12-B$9)+(C12-C$9)) -> 0.75136612 | H12: =(D12-D$9)/E12 -> 0.039370079
A13: Laag | B13: 7.95 | C13: 4.74 | D13: 0.76 | E13: =(B13+C13+D13)-(B$9+C$9+D$9) -> 1.52 | F13: 1 | G13: =(B13-B$9)/((B13-B$9)+(C13-C$9)) -> 0.44525547 | H13: =(D13-D$9)/E13 -> 0.098684211
A14: Laag Verdichting | B14: 7.8 | C14: 4.59 | D14: 0.92 | E14: =(B14+C14+D14)-(B$9+C$9+D$9) -> 1.38 | F14: =E14/E13 -> 0.90789474 | G14: =(B14-B$9)/((B14-B$9)+(C14-C$9)) -> 0.42990654 | H14: =(D14-D$9)/E14 -> 0.22463768
A15: Laag Uitleg | B15: 7.95 | C15: 4.89 | D15: 0.76 | E15: =(B15+C15+D15)-(B$9+C$9+D$9) -> 1.67 | F15: =E15/E13 -> 1.0986842 | G15: =(B15-B$9)/((B15-B$9)+(C15-C$9)) -> 0.40131579 | H15: =(D15-D$9)/E15 -> 0.089820359
A17: Scenarios
A18: scenario | B18: WLO growth | C18: WLO exploration | D18: nature claim (ha) | E18: nature source
A19: A1 | B19: Hoog | C19: Uitleg | D19: 35000 | E19: NNN minimum: 703,000 ha realised, at least 738,000 ha in 2028 (CLO)
A20: A2 | B20: Laag | C20: Uitleg | D20: 35000 | E20: NNN minimum, as A1
A21: B1 | B21: Hoog | C21: Verdichting | D21: 71000 | E21: NNN maximum: up to 774,000 ha in 2028 (CLO)
A22: B2 | B22: Laag | C22: Verdichting | D22: =SUM(COROP!AA2:AA41) -> 94880 | E22: New nature of the Nature Outlook in WLO 2025 Laag (2021-2040), realised in 2030
A24: Base for recreation
A25: land_area_km2 | B25: =SUM(COROP!E2:E41)/((B9+C9+D9)/100) -> 34802.179 | C25: Land area: built-up area 2021 in WLO divided by its share of the land area in figure 4.2.
A26: holiday_parks_2021_ha | B26: =D9/100*B25*100 -> 21229.329 | C26: Holiday parks in 2021: their share of the land area in figure 4.2.

Sheet Province
A1: prvnr | B1: province | C1: RstIntPer | D1: A1_residential_2030 | E1: A1_residential_2040 | F1: A1_residential_2050 | G1: A1_industrial_2030 | H1: A1_industrial_2040 | I1: A1_industrial_2050 | J1: A1_recreation_2030 | K1: A1_recreation_2040 | L1: A1_recreation_2050 | M1: A1_nature_2030 | N1: A1_nature_2040 | O1: A1_nature_2050 | P1: A2_residential_2030 | Q1: A2_residential_2040 | R1: A2_residential_2050 | S1: A2_industrial_2030 | T1: A2_industrial_2040 | U1: A2_industrial_2050 | V1: A2_recreation_2030 | W1: A2_recreation_2040 | X1: A2_recreation_2050 | Y1: A2_nature_2030 | Z1: A2_nature_2040 | AA1: A2_nature_2050 | AB1: B1_residential_2030 | AC1: B1_residential_2040 | AD1: B1_residential_2050 | AE1: B1_industrial_2030 | AF1: B1_industrial_2040 | AG1: B1_industrial_2050 | AH1: B1_recreation_2030 | AI1: B1_recreation_2040 | AJ1: B1_recreation_2050 | AK1: B1_nature_2030 | AL1: B1_nature_2040 | AM1: B1_nature_2050 | AN1: B2_residential_2030 | AO1: B2_residential_2040 | AP1: B2_residential_2050 | AQ1: B2_industrial_2030 | AR1: B2_industrial_2040 | AS1: B2_industrial_2050 | AT1: B2_recreation_2030 | AU1: B2_recreation_2040 | AV1: B2_recreation_2050 | AW1: B2_nature_2030 | AX1: B2_nature_2040 | AY1: B2_nature_2050
A2: 1 | B2: Groningen | C2: 3 | D2: =E2*Parameters!$B$2 -> 569.03461 | E2: =SUMIFS(COROP!$R$2:$R$41,COROP!$D$2:$D$41,$A2)*Parameters!$F$12*(1-Parameters!$H$12)*Parameters!$G$12 -> 1280.3279 | F2: =SUMIFS(COROP!$S$2:$S$41,COROP!$D$2:$D$41,$A2)*Parameters!$F$12*(1-Parameters!$H$12)*Parameters!$G$12 -> 1686.0656 | G2: =H2*Parameters!$B$2 -> 188.29872 | H2: =SUMIFS(COROP!$R$2:$R$41,COROP!$D$2:$D$41,$A2)*Parameters!$F$12*(1-Parameters!$H$12)*(1-Parameters!$G$12) -> 423.67213 | I2: =SUMIFS(COROP!$S$2:$S$41,COROP!$D$2:$D$41,$A2)*Parameters!$F$12*(1-Parameters!$H$12)*(1-Parameters!$G$12) -> 557.93443 | J2: =K2*Parameters!$B$2 -> 214.88935 | K2: =SUMIFS(COROP!$V$2:$V$41,COROP!$D$2:$D$41,$A2)*Parameters!$B$5+SUMIFS(COROP!$R$2:$R$41,COROP!$D$2:$D$41,$A2)*Parameters!$F$12*Parameters!$H$12 -> 483.50104 | L2: =SUMIFS(COROP!$W$2:$W$41,COROP!$D$2:$D$41,$A2)*Parameters!$B$5+SUMIFS(COROP!$S$2:$S$41,COROP!$D$2:$D$41,$A2)*Parameters!$F$12*Parameters!$H$12 -> 613.54479 | M2: =Parameters!$D$19*SUMIFS(COROP!$Z$2:$Z$41,COROP!$D$2:$D$41,$A2)/SUM(COROP!$Z$2:$Z$41) -> 1595.7897 | N2: =Parameters!$D$19*SUMIFS(COROP!$Z$2:$Z$41,COROP!$D$2:$D$41,$A2)/SUM(COROP!$Z$2:$Z$41) -> 1595.7897 | O2: =Parameters!$D$19*SUMIFS(COROP!$Z$2:$Z$41,COROP!$D$2:$D$41,$A2)/SUM(COROP!$Z$2:$Z$41) -> 1595.7897 | P2: =Q2*Parameters!$B$2 -> 149.82456 | Q2: =SUMIFS(COROP!$T$2:$T$41,COROP!$D$2:$D$41,$A2)*Parameters!$F$15*(1-Parameters!$H$15)*Parameters!$G$15 -> 337.10526 | R2: =SUMIFS(COROP!$U$2:$U$41,COROP!$D$2:$D$41,$A2)*Parameters!$F$15*(1-Parameters!$H$15)*Parameters!$G$15 -> 509.67105 | S2: =T2*Parameters!$B$2 -> 223.50877 | T2: =SUMIFS(COROP!$T$2:$T$41,COROP!$D$2:$D$41,$A2)*Parameters!$F$15*(1-Parameters!$H$15)*(1-Parameters!$G$15) -> 502.89474 | U2: =SUMIFS(COROP!$U$2:$U$41,COROP!$D$2:$D$41,$A2)*Parameters!$F$15*(1-Parameters!$H$15)*(1-Parameters!$G$15) -> 760.32895 | V2: =W2*Parameters!$B$2 -> 146.08696 | W2: =SUMIFS(COROP!$X$2:$X$41,COROP!$D$2:$D$41,$A2)*Parameters!$B$5+SUMIFS(COROP!$T$2:$T$41,COROP!$D$2:$D$41,$A2)*Parameters!$F$15*Parameters!$H$15 -> 328.69566 | X2: =SUMIFS(COROP!$Y$2:$Y$41,COROP!$D$2:$D$41,$A2)*Parameters!$B$5+SUMIFS(COROP!$U$2:$U$41,COROP!$D$2:$D$41,$A2)*Parameters!$F$15*Parameters!$H$15 -> 347.14929 | Y2: =Parameters!$D$20*SUMIFS(COROP!$AA$2:$AA$41,COROP!$D$2:$D$41,$A2)/SUM(COROP!$AA$2:$AA$41) -> 1589.903 | Z2: =Parameters!$D$20*SUMIFS(COROP!$AA$2:$AA$41,COROP!$D$2:$D$41,$A2)/SUM(COROP!$AA$2:$AA$41) -> 1589.903 | AA2: =Parameters!$D$20*SUMIFS(COROP!$AA$2:$AA$41,COROP!$D$2:$D$41,$A2)/SUM(COROP!$AA$2:$AA$41) -> 1589.903 | AB2: =AC2*Parameters!$B$2 -> 316.59016 | AC2: =SUMIFS(COROP!$R$2:$R$41,COROP!$D$2:$D$41,$A2)*Parameters!$F$11*(1-Parameters!$H$11)*Parameters!$G$11 -> 712.32787 | AD2: =SUMIFS(COROP!$S$2:$S$41,COROP!$D$2:$D$41,$A2)*Parameters!$F$11*(1-Parameters!$H$11)*Parameters!$G$11 -> 938.06557 | AE2: =AF2*Parameters!$B$2 -> 126.22222 | AF2: =SUMIFS(COROP!$R$2:$R$41,COROP!$D$2:$D$41,$A2)*Parameters!$F$11*(1-Parameters!$H$11)*(1-Parameters!$G$11) -> 284 | AG2: =SUMIFS(COROP!$S$2:$S$41,COROP!$D$2:$D$41,$A2)*Parameters!$F$11*(1-Parameters!$H$11)*(1-Parameters!$G$11) -> 374 | AH2: =AI2*Parameters!$B$2 -> 247.99682 | AI2: =SUMIFS(COROP!$V$2:$V$41,COROP!$D$2:$D$41,$A2)*Parameters!$B$5+SUMIFS(COROP!$R$2:$R$41,COROP!$D$2:$D$41,$A2)*Parameters!$F$11*Parameters!$H$11 -> 557.99284 | AJ2: =SUMIFS(COROP!$W$2:$W$41,COROP!$D$2:$D$41,$A2)*Parameters!$B$5+SUMIFS(COROP!$S$2:$S$41,COROP!$D$2:$D$41,$A2)*Parameters!$F$11*Parameters!$H$11 -> 711.64315 | AK2: =Parameters!$D$21*SUMIFS(COROP!$Z$2:$Z$41,COROP!$D$2:$D$41,$A2)/SUM(COROP!$Z$2:$Z$41) -> 3237.1734 | AL2: =Parameters!$D$21*SUMIFS(COROP!$Z$2:$Z$41,COROP!$D$2:$D$41,$A2)/SUM(COROP!$Z$2:$Z$41) -> 3237.1734 | AM2: =Parameters!$D$21*SUMIFS(COROP!$Z$2:$Z$41,COROP!$D$2:$D$41,$A2)/SUM(COROP!$Z$2:$Z$41) -> 3237.1734 | AN2: =AO2*Parameters!$B$2 -> 112.98246 | AO2: =SUMIFS(COROP!$T$2:$T$41,COROP!$D$2:$D$41,$A2)*Parameters!$F$14*(1-Parameters!$H$14)*Parameters!$G$14 -> 254.21053 | AP2: =SUMIFS(COROP!$U$2:$U$41,COROP!$D$2:$D$41,$A2)*Parameters!$F$14*(1-Parameters!$H$14)*Parameters!$G$14 -> 384.34211 | AQ2: =AR2*Parameters!$B$2 -> 149.82456 | AR2: =SUMIFS(COROP!$T$2:$T$41,COROP!$D$2:$D$41,$A2)*Parameters!$F$14*(1-Parameters!$H$14)*(1-Parameters!$G$14) -> 337.10526 | AS2: =SUMIFS(COROP!$U$2:$U$41,COROP!$D$2:$D$41,$A2)*Parameters!$F$14*(1-Parameters!$H$14)*(1-Parameters!$G$14) -> 509.67105 | AT2: =AU2*Parameters!$B$2 -> 185.38521 | AU2: =SUMIFS(COROP!$X$2:$X$41,COROP!$D$2:$D$41,$A2)*Parameters!$B$5+SUMIFS(COROP!$T$2:$T$41,COROP!$D$2:$D$41,$A2)*Parameters!$F$14*Parameters!$H$14 -> 417.11672 | AV2: =SUMIFS(COROP!$Y$2:$Y$41,COROP!$D$2:$D$41,$A2)*Parameters!$B$5+SUMIFS(COROP!$U$2:$U$41,COROP!$D$2:$D$41,$A2)*Parameters!$F$14*Parameters!$H$14 -> 480.83351 | AW2: =Parameters!$D$22*SUMIFS(COROP!$AA$2:$AA$41,COROP!$D$2:$D$41,$A2)/SUM(COROP!$AA$2:$AA$41) -> 4310 | AX2: =Parameters!$D$22*SUMIFS(COROP!$AA$2:$AA$41,COROP!$D$2:$D$41,$A2)/SUM(COROP!$AA$2:$AA$41) -> 4310 | AY2: =Parameters!$D$22*SUMIFS(COROP!$AA$2:$AA$41,COROP!$D$2:$D$41,$A2)/SUM(COROP!$AA$2:$AA$41) -> 4310
A3: 2 | B3: Friesland | C3: 3 | D3: =E3*Parameters!$B$2 -> 665.20947 | E3: =SUMIFS(COROP!$R$2:$R$41,COROP!$D$2:$D$41,$A3)*Parameters!$F$12*(1-Parameters!$H$12)*Parameters!$G$12 -> 1496.7213 | F3: =SUMIFS(COROP!$S$2:$S$41,COROP!$D$2:$D$41,$A3)*Parameters!$F$12*(1-Parameters!$H$12)*Parameters!$G$12 -> 2281.1475 | G3: =H3*Parameters!$B$2 -> 220.12386 | H3: =SUMIFS(COROP!$R$2:$R$41,COROP!$D$2:$D$41,$A3)*Parameters!$F$12*(1-Parameters!$H$12)*(1-Parameters!$G$12) -> 495.27869 | I3: =SUMIFS(COROP!$S$2:$S$41,COROP!$D$2:$D$41,$A3)*Parameters!$F$12*(1-Parameters!$H$12)*(1-Parameters!$G$12) -> 754.85246 | J3: =K3*Parameters!$B$2 -> 105.56138 | K3: =SUMIFS(COROP!$V$2:$V$41,COROP!$D$2:$D$41,$A3)*Parameters!$B$5+SUMIFS(COROP!$R$2:$R$41,COROP!$D$2:$D$41,$A3)*Parameters!$F$12*Parameters!$H$12 -> 237.5131 | L3: =SUMIFS(COROP!$W$2:$W$41,COROP!$D$2:$D$41,$A3)*Parameters!$B$5+SUMIFS(COROP!$S$2:$S$41,COROP!$D$2:$D$41,$A3)*Parameters!$F$12*Parameters!$H$12 -> 328.26114 | M3: =Parameters!$D$19*SUMIFS(COROP!$Z$2:$Z$41,COROP!$D$2:$D$41,$A3)/SUM(COROP!$Z$2:$Z$41) -> 2669.5229 | N3: =Parameters!$D$19*SUMIFS(COROP!$Z$2:$Z$41,COROP!$D$2:$D$41,$A3)/SUM(COROP!$Z$2:$Z$41) -> 2669.5229 | O3: =Parameters!$D$19*SUMIFS(COROP!$Z$2:$Z$41,COROP!$D$2:$D$41,$A3)/SUM(COROP!$Z$2:$Z$41) -> 2669.5229 | P3: =Q3*Parameters!$B$2 -> 239.00585 | Q3: =SUMIFS(COROP!$T$2:$T$41,COROP!$D$2:$D$41,$A3)*Parameters!$F$15*(1-Parameters!$H$15)*Parameters!$G$15 -> 537.76316 | R3: =SUMIFS(COROP!$U$2:$U$41,COROP!$D$2:$D$41,$A3)*Parameters!$F$15*(1-Parameters!$H$15)*Parameters!$G$15 -> 995.26316 | S3: =T3*Parameters!$B$2 -> 356.54971 | T3: =SUMIFS(COROP!$T$2:$T$41,COROP!$D$2:$D$41,$A3)*Parameters!$F$15*(1-Parameters!$H$15)*(1-Parameters!$G$15) -> 802.23684 | U3: =SUMIFS(COROP!$U$2:$U$41,COROP!$D$2:$D$41,$A3)*Parameters!$F$15*(1-Parameters!$H$15)*(1-Parameters!$G$15) -> 1484.7368 | V3: =W3*Parameters!$B$2 -> 72.094473 | W3: =SUMIFS(COROP!$X$2:$X$41,COROP!$D$2:$D$41,$A3)*Parameters!$B$5+SUMIFS(COROP!$T$2:$T$41,COROP!$D$2:$D$41,$A3)*Parameters!$F$15*Parameters!$H$15 -> 162.21256 | X3: =SUMIFS(COROP!$Y$2:$Y$41,COROP!$D$2:$D$41,$A3)*Parameters!$B$5+SUMIFS(COROP!$U$2:$U$41,COROP!$D$2:$D$41,$A3)*Parameters!$F$15*Parameters!$H$15 -> 262.72228 | Y3: =Parameters!$D$20*SUMIFS(COROP!$AA$2:$AA$41,COROP!$D$2:$D$41,$A3)/SUM(COROP!$AA$2:$AA$41) -> 2655.9865 | Z3: =Parameters!$D$20*SUMIFS(COROP!$AA$2:$AA$41,COROP!$D$2:$D$41,$A3)/SUM(COROP!$AA$2:$AA$41) -> 2655.9865 | AA3: =Parameters!$D$20*SUMIFS(COROP!$AA$2:$AA$41,COROP!$D$2:$D$41,$A3)/SUM(COROP!$AA$2:$AA$41) -> 2655.9865 | AB3: =AC3*Parameters!$B$2 -> 370.09836 | AC3: =SUMIFS(COROP!$R$2:$R$41,COROP!$D$2:$D$41,$A3)*Parameters!$F$11*(1-Parameters!$H$11)*Parameters!$G$11 -> 832.72131 | AD3: =SUMIFS(COROP!$S$2:$S$41,COROP!$D$2:$D$41,$A3)*Parameters!$F$11*(1-Parameters!$H$11)*Parameters!$G$11 -> 1269.1475 | AE3: =AF3*Parameters!$B$2 -> 147.55556 | AF3: =SUMIFS(COROP!$R$2:$R$41,COROP!$D$2:$D$41,$A3)*Parameters!$F$11*(1-Parameters!$H$11)*(1-Parameters!$G$11) -> 332 | AG3: =SUMIFS(COROP!$S$2:$S$41,COROP!$D$2:$D$41,$A3)*Parameters!$F$11*(1-Parameters!$H$11)*(1-Parameters!$G$11) -> 506 | AH3: =AI3*Parameters!$B$2 -> 144.26448 | AI3: =SUMIFS(COROP!$V$2:$V$41,COROP!$D$2:$D$41,$A3)*Parameters!$B$5+SUMIFS(COROP!$R$2:$R$41,COROP!$D$2:$D$41,$A3)*Parameters!$F$11*Parameters!$H$11 -> 324.59507 | AJ3: =SUMIFS(COROP!$W$2:$W$41,COROP!$D$2:$D$41,$A3)*Parameters!$B$5+SUMIFS(COROP!$S$2:$S$41,COROP!$D$2:$D$41,$A3)*Parameters!$F$11*Parameters!$H$11 -> 460.98245 | AK3: =Parameters!$D$21*SUMIFS(COROP!$Z$2:$Z$41,COROP!$D$2:$D$41,$A3)/SUM(COROP!$Z$2:$Z$41) -> 5415.3179 | AL3: =Parameters!$D$21*SUMIFS(COROP!$Z$2:$Z$41,COROP!$D$2:$D$41,$A3)/SUM(COROP!$Z$2:$Z$41) -> 5415.3179 | AM3: =Parameters!$D$21*SUMIFS(COROP!$Z$2:$Z$41,COROP!$D$2:$D$41,$A3)/SUM(COROP!$Z$2:$Z$41) -> 5415.3179 | AN3: =AO3*Parameters!$B$2 -> 180.23392 | AO3: =SUMIFS(COROP!$T$2:$T$41,COROP!$D$2:$D$41,$A3)*Parameters!$F$14*(1-Parameters!$H$14)*Parameters!$G$14 -> 405.52632 | AP3: =SUMIFS(COROP!$U$2:$U$41,COROP!$D$2:$D$41,$A3)*Parameters!$F$14*(1-Parameters!$H$14)*Parameters!$G$14 -> 750.52632 | AQ3: =AR3*Parameters!$B$2 -> 239.00585 | AR3: =SUMIFS(COROP!$T$2:$T$41,COROP!$D$2:$D$41,$A3)*Parameters!$F$14*(1-Parameters!$H$14)*(1-Parameters!$G$14) -> 537.76316 | AS3: =SUMIFS(COROP!$U$2:$U$41,COROP!$D$2:$D$41,$A3)*Parameters!$F$14*(1-Parameters!$H$14)*(1-Parameters!$G$14) -> 995.26316 | AT3: =AU3*Parameters!$B$2 -> 134.78453 | AU3: =SUMIFS(COROP!$X$2:$X$41,COROP!$D$2:$D$41,$A3)*Parameters!$B$5+SUMIFS(COROP!$T$2:$T$41,COROP!$D$2:$D$41,$A3)*Parameters!$F$14*Parameters!$H$14 -> 303.2652 | AV3: =SUMIFS(COROP!$Y$2:$Y$41,COROP!$D$2:$D$41,$A3)*Parameters!$B$5+SUMIFS(COROP!$U$2:$U$41,COROP!$D$2:$D$41,$A3)*Parameters!$F$14*Parameters!$H$14 -> 523.77491 | AW3: =Parameters!$D$22*SUMIFS(COROP!$AA$2:$AA$41,COROP!$D$2:$D$41,$A3)/SUM(COROP!$AA$2:$AA$41) -> 7200 | AX3: =Parameters!$D$22*SUMIFS(COROP!$AA$2:$AA$41,COROP!$D$2:$D$41,$A3)/SUM(COROP!$AA$2:$AA$41) -> 7200 | AY3: =Parameters!$D$22*SUMIFS(COROP!$AA$2:$AA$41,COROP!$D$2:$D$41,$A3)/SUM(COROP!$AA$2:$AA$41) -> 7200
A4: 3 | B4: Drenthe | C4: 3 | D4: =E4*Parameters!$B$2 -> 597.08561 | E4: =SUMIFS(COROP!$R$2:$R$41,COROP!$D$2:$D$41,$A4)*Parameters!$F$12*(1-Parameters!$H$12)*Parameters!$G$12 -> 1343.4426 | F4: =SUMIFS(COROP!$S$2:$S$41,COROP!$D$2:$D$41,$A4)*Parameters!$F$12*(1-Parameters!$H$12)*Parameters!$G$12 -> 1956.5574 | G4: =H4*Parameters!$B$2 -> 197.58106 | H4: =SUMIFS(COROP!$R$2:$R$41,COROP!$D$2:$D$41,$A4)*Parameters!$F$12*(1-Parameters!$H$12)*(1-Parameters!$G$12) -> 444.55738 | I4: =SUMIFS(COROP!$S$2:$S$41,COROP!$D$2:$D$41,$A4)*Parameters!$F$12*(1-Parameters!$H$12)*(1-Parameters!$G$12) -> 647.44262 | J4: =K4*Parameters!$B$2 -> 64.54241 | K4: =SUMIFS(COROP!$V$2:$V$41,COROP!$D$2:$D$41,$A4)*Parameters!$B$5+SUMIFS(COROP!$R$2:$R$41,COROP!$D$2:$D$41,$A4)*Parameters!$F$12*Parameters!$H$12 -> 145.22042 | L4: =SUMIFS(COROP!$W$2:$W$41,COROP!$D$2:$D$41,$A4)*Parameters!$B$5+SUMIFS(COROP!$S$2:$S$41,COROP!$D$2:$D$41,$A4)*Parameters!$F$12*Parameters!$H$12 -> 214.63391 | M4: =Parameters!$D$19*SUMIFS(COROP!$Z$2:$Z$41,COROP!$D$2:$D$41,$A4)/SUM(COROP!$Z$2:$Z$41) -> 2765.7886 | N4: =Parameters!$D$19*SUMIFS(COROP!$Z$2:$Z$41,COROP!$D$2:$D$41,$A4)/SUM(COROP!$Z$2:$Z$41) -> 2765.7886 | O4: =Parameters!$D$19*SUMIFS(COROP!$Z$2:$Z$41,COROP!$D$2:$D$41,$A4)/SUM(COROP!$Z$2:$Z$41) -> 2765.7886 | P4: =Q4*Parameters!$B$2 -> 190.84795 | Q4: =SUMIFS(COROP!$T$2:$T$41,COROP!$D$2:$D$41,$A4)*Parameters!$F$15*(1-Parameters!$H$15)*Parameters!$G$15 -> 429.40789 | R4: =SUMIFS(COROP!$U$2:$U$41,COROP!$D$2:$D$41,$A4)*Parameters!$F$15*(1-Parameters!$H$15)*Parameters!$G$15 -> 686.25 | S4: =T4*Parameters!$B$2 -> 284.7076 | T4: =SUMIFS(COROP!$T$2:$T$41,COROP!$D$2:$D$41,$A4)*Parameters!$F$15*(1-Parameters!$H$15)*(1-Parameters!$G$15) -> 640.59211 | U4: =SUMIFS(COROP!$U$2:$U$41,COROP!$D$2:$D$41,$A4)*Parameters!$F$15*(1-Parameters!$H$15)*(1-Parameters!$G$15) -> 1023.75 | V4: =W4*Parameters!$B$2 -> 46.929825 | W4: =SUMIFS(COROP!$X$2:$X$41,COROP!$D$2:$D$41,$A4)*Parameters!$B$5+SUMIFS(COROP!$T$2:$T$41,COROP!$D$2:$D$41,$A4)*Parameters!$F$15*Parameters!$H$15 -> 105.59211 | X4: =SUMIFS(COROP!$Y$2:$Y$41,COROP!$D$2:$D$41,$A4)*Parameters!$B$5+SUMIFS(COROP!$U$2:$U$41,COROP!$D$2:$D$41,$A4)*Parameters!$F$15*Parameters!$H$15 -> 168.75 | Y4: =Parameters!$D$20*SUMIFS(COROP!$AA$2:$AA$41,COROP!$D$2:$D$41,$A4)/SUM(COROP!$AA$2:$AA$41) -> 2762.9637 | Z4: =Parameters!$D$20*SUMIFS(COROP!$AA$2:$AA$41,COROP!$D$2:$D$41,$A4)/SUM(COROP!$AA$2:$AA$41) -> 2762.9637 | AA4: =Parameters!$D$20*SUMIFS(COROP!$AA$2:$AA$41,COROP!$D$2:$D$41,$A4)/SUM(COROP!$AA$2:$AA$41) -> 2762.9637 | AB4: =AC4*Parameters!$B$2 -> 332.19672 | AC4: =SUMIFS(COROP!$R$2:$R$41,COROP!$D$2:$D$41,$A4)*Parameters!$F$11*(1-Parameters!$H$11)*Parameters!$G$11 -> 747.44262 | AD4: =SUMIFS(COROP!$S$2:$S$41,COROP!$D$2:$D$41,$A4)*Parameters!$F$11*(1-Parameters!$H$11)*Parameters!$G$11 -> 1088.5574 | AE4: =AF4*Parameters!$B$2 -> 132.44444 | AF4: =SUMIFS(COROP!$R$2:$R$41,COROP!$D$2:$D$41,$A4)*Parameters!$F$11*(1-Parameters!$H$11)*(1-Parameters!$G$11) -> 298 | AG4: =SUMIFS(COROP!$S$2:$S$41,COROP!$D$2:$D$41,$A4)*Parameters!$F$11*(1-Parameters!$H$11)*(1-Parameters!$G$11) -> 434 | AH4: =AI4*Parameters!$B$2 -> 99.281937 | AI4: =SUMIFS(COROP!$V$2:$V$41,COROP!$D$2:$D$41,$A4)*Parameters!$B$5+SUMIFS(COROP!$R$2:$R$41,COROP!$D$2:$D$41,$A4)*Parameters!$F$11*Parameters!$H$11 -> 223.38436 | AJ4: =SUMIFS(COROP!$W$2:$W$41,COROP!$D$2:$D$41,$A4)*Parameters!$B$5+SUMIFS(COROP!$S$2:$S$41,COROP!$D$2:$D$41,$A4)*Parameters!$F$11*Parameters!$H$11 -> 328.46998 | AK4: =Parameters!$D$21*SUMIFS(COROP!$Z$2:$Z$41,COROP!$D$2:$D$41,$A4)/SUM(COROP!$Z$2:$Z$41) -> 5610.5998 | AL4: =Parameters!$D$21*SUMIFS(COROP!$Z$2:$Z$41,COROP!$D$2:$D$41,$A4)/SUM(COROP!$Z$2:$Z$41) -> 5610.5998 | AM4: =Parameters!$D$21*SUMIFS(COROP!$Z$2:$Z$41,COROP!$D$2:$D$41,$A4)/SUM(COROP!$Z$2:$Z$41) -> 5610.5998 | AN4: =AO4*Parameters!$B$2 -> 143.91813 | AO4: =SUMIFS(COROP!$T$2:$T$41,COROP!$D$2:$D$41,$A4)*Parameters!$F$14*(1-Parameters!$H$14)*Parameters!$G$14 -> 323.81579 | AP4: =SUMIFS(COROP!$U$2:$U$41,COROP!$D$2:$D$41,$A4)*Parameters!$F$14*(1-Parameters!$H$14)*Parameters!$G$14 -> 517.5 | AQ4: =AR4*Parameters!$B$2 -> 190.84795 | AR4: =SUMIFS(COROP!$T$2:$T$41,COROP!$D$2:$D$41,$A4)*Parameters!$F$14*(1-Parameters!$H$14)*(1-Parameters!$G$14) -> 429.40789 | AS4: =SUMIFS(COROP!$U$2:$U$41,COROP!$D$2:$D$41,$A4)*Parameters!$F$14*(1-Parameters!$H$14)*(1-Parameters!$G$14) -> 686.25 | AT4: =AU4*Parameters!$B$2 -> 96.988304 | AU4: =SUMIFS(COROP!$X$2:$X$41,COROP!$D$2:$D$41,$A4)*Parameters!$B$5+SUMIFS(COROP!$T$2:$T$41,COROP!$D$2:$D$41,$A4)*Parameters!$F$14*Parameters!$H$14 -> 218.22368 | AV4: =SUMIFS(COROP!$Y$2:$Y$41,COROP!$D$2:$D$41,$A4)*Parameters!$B$5+SUMIFS(COROP!$U$2:$U$41,COROP!$D$2:$D$41,$A4)*Parameters!$F$14*Parameters!$H$14 -> 348.75 | AW4: =Parameters!$D$22*SUMIFS(COROP!$AA$2:$AA$41,COROP!$D$2:$D$41,$A4)/SUM(COROP!$AA$2:$AA$41) -> 7490 | AX4: =Parameters!$D$22*SUMIFS(COROP!$AA$2:$AA$41,COROP!$D$2:$D$41,$A4)/SUM(COROP!$AA$2:$AA$41) -> 7490 | AY4: =Parameters!$D$22*SUMIFS(COROP!$AA$2:$AA$41,COROP!$D$2:$D$41,$A4)/SUM(COROP!$AA$2:$AA$41) -> 7490
A5: 4 | B5: Overijssel | C5: 3 | D5: =E5*Parameters!$B$2 -> 1134.0619 | E5: =SUMIFS(COROP!$R$2:$R$41,COROP!$D$2:$D$41,$A5)*Parameters!$F$12*(1-Parameters!$H$12)*Parameters!$G$12 -> 2551.6393 | F5: =SUMIFS(COROP!$S$2:$S$41,COROP!$D$2:$D$41,$A5)*Parameters!$F$12*(1-Parameters!$H$12)*Parameters!$G$12 -> 4129.5082 | G5: =H5*Parameters!$B$2 -> 375.2714 | H5: =SUMIFS(COROP!$R$2:$R$41,COROP!$D$2:$D$41,$A5)*Parameters!$F$12*(1-Parameters!$H$12)*(1-Parameters!$G$12) -> 844.36066 | I5: =SUMIFS(COROP!$S$2:$S$41,COROP!$D$2:$D$41,$A5)*Parameters!$F$12*(1-Parameters!$H$12)*(1-Parameters!$G$12) -> 1366.4918 | J5: =K5*Parameters!$B$2 -> 251.03804 | K5: =SUMIFS(COROP!$V$2:$V$41,COROP!$D$2:$D$41,$A5)*Parameters!$B$5+SUMIFS(COROP!$R$2:$R$41,COROP!$D$2:$D$41,$A5)*Parameters!$F$12*Parameters!$H$12 -> 564.83559 | L5: =SUMIFS(COROP!$W$2:$W$41,COROP!$D$2:$D$41,$A5)*Parameters!$B$5+SUMIFS(COROP!$S$2:$S$41,COROP!$D$2:$D$41,$A5)*Parameters!$F$12*Parameters!$H$12 -> 842.74579 | M5: =Parameters!$D$19*SUMIFS(COROP!$Z$2:$Z$41,COROP!$D$2:$D$41,$A5)/SUM(COROP!$Z$2:$Z$41) -> 2788.0038 | N5: =Parameters!$D$19*SUMIFS(COROP!$Z$2:$Z$41,COROP!$D$2:$D$41,$A5)/SUM(COROP!$Z$2:$Z$41) -> 2788.0038 | O5: =Parameters!$D$19*SUMIFS(COROP!$Z$2:$Z$41,COROP!$D$2:$D$41,$A5)/SUM(COROP!$Z$2:$Z$41) -> 2788.0038 | P5: =Q5*Parameters!$B$2 -> 328.18713 | Q5: =SUMIFS(COROP!$T$2:$T$41,COROP!$D$2:$D$41,$A5)*Parameters!$F$15*(1-Parameters!$H$15)*Parameters!$G$15 -> 738.42105 | R5: =SUMIFS(COROP!$U$2:$U$41,COROP!$D$2:$D$41,$A5)*Parameters!$F$15*(1-Parameters!$H$15)*Parameters!$G$15 -> 1135.7237 | S5: =T5*Parameters!$B$2 -> 489.59064 | T5: =SUMIFS(COROP!$T$2:$T$41,COROP!$D$2:$D$41,$A5)*Parameters!$F$15*(1-Parameters!$H$15)*(1-Parameters!$G$15) -> 1101.5789 | U5: =SUMIFS(COROP!$U$2:$U$41,COROP!$D$2:$D$41,$A5)*Parameters!$F$15*(1-Parameters!$H$15)*(1-Parameters!$G$15) -> 1694.2763 | V5: =W5*Parameters!$B$2 -> 136.65644 | W5: =SUMIFS(COROP!$X$2:$X$41,COROP!$D$2:$D$41,$A5)*Parameters!$B$5+SUMIFS(COROP!$T$2:$T$41,COROP!$D$2:$D$41,$A5)*Parameters!$F$15*Parameters!$H$15 -> 307.47698 | X5: =SUMIFS(COROP!$Y$2:$Y$41,COROP!$D$2:$D$41,$A5)*Parameters!$B$5+SUMIFS(COROP!$U$2:$U$41,COROP!$D$2:$D$41,$A5)*Parameters!$F$15*Parameters!$H$15 -> 435.15007 | Y5: =Parameters!$D$20*SUMIFS(COROP!$AA$2:$AA$41,COROP!$D$2:$D$41,$A5)/SUM(COROP!$AA$2:$AA$41) -> 2785.097 | Z5: =Parameters!$D$20*SUMIFS(COROP!$AA$2:$AA$41,COROP!$D$2:$D$41,$A5)/SUM(COROP!$AA$2:$AA$41) -> 2785.097 | AA5: =Parameters!$D$20*SUMIFS(COROP!$AA$2:$AA$41,COROP!$D$2:$D$41,$A5)/SUM(COROP!$AA$2:$AA$41) -> 2785.097 | AB5: =AC5*Parameters!$B$2 -> 630.95082 | AC5: =SUMIFS(COROP!$R$2:$R$41,COROP!$D$2:$D$41,$A5)*Parameters!$F$11*(1-Parameters!$H$11)*Parameters!$G$11 -> 1419.6393 | AD5: =SUMIFS(COROP!$S$2:$S$41,COROP!$D$2:$D$41,$A5)*Parameters!$F$11*(1-Parameters!$H$11)*Parameters!$G$11 -> 2297.5082 | AE5: =AF5*Parameters!$B$2 -> 251.55556 | AF5: =SUMIFS(COROP!$R$2:$R$41,COROP!$D$2:$D$41,$A5)*Parameters!$F$11*(1-Parameters!$H$11)*(1-Parameters!$G$11) -> 566 | AG5: =SUMIFS(COROP!$S$2:$S$41,COROP!$D$2:$D$41,$A5)*Parameters!$F$11*(1-Parameters!$H$11)*(1-Parameters!$G$11) -> 916 | AH5: =AI5*Parameters!$B$2 -> 317.01982 | AI5: =SUMIFS(COROP!$V$2:$V$41,COROP!$D$2:$D$41,$A5)*Parameters!$B$5+SUMIFS(COROP!$R$2:$R$41,COROP!$D$2:$D$41,$A5)*Parameters!$F$11*Parameters!$H$11 -> 713.29461 | AJ5: =SUMIFS(COROP!$W$2:$W$41,COROP!$D$2:$D$41,$A5)*Parameters!$B$5+SUMIFS(COROP!$S$2:$S$41,COROP!$D$2:$D$41,$A5)*Parameters!$F$11*Parameters!$H$11 -> 1083.0081 | AK5: =Parameters!$D$21*SUMIFS(COROP!$Z$2:$Z$41,COROP!$D$2:$D$41,$A5)/SUM(COROP!$Z$2:$Z$41) -> 5655.6649 | AL5: =Parameters!$D$21*SUMIFS(COROP!$Z$2:$Z$41,COROP!$D$2:$D$41,$A5)/SUM(COROP!$Z$2:$Z$41) -> 5655.6649 | AM5: =Parameters!$D$21*SUMIFS(COROP!$Z$2:$Z$41,COROP!$D$2:$D$41,$A5)/SUM(COROP!$Z$2:$Z$41) -> 5655.6649 | AN5: =AO5*Parameters!$B$2 -> 247.48538 | AO5: =SUMIFS(COROP!$T$2:$T$41,COROP!$D$2:$D$41,$A5)*Parameters!$F$14*(1-Parameters!$H$14)*Parameters!$G$14 -> 556.84211 | AP5: =SUMIFS(COROP!$U$2:$U$41,COROP!$D$2:$D$41,$A5)*Parameters!$F$14*(1-Parameters!$H$14)*Parameters!$G$14 -> 856.44737 | AQ5: =AR5*Parameters!$B$2 -> 328.18713 | AR5: =SUMIFS(COROP!$T$2:$T$41,COROP!$D$2:$D$41,$A5)*Parameters!$F$14*(1-Parameters!$H$14)*(1-Parameters!$G$14) -> 738.42105 | AS5: =SUMIFS(COROP!$U$2:$U$41,COROP!$D$2:$D$41,$A5)*Parameters!$F$14*(1-Parameters!$H$14)*(1-Parameters!$G$14) -> 1135.7237 | AT5: =AU5*Parameters!$B$2 -> 222.73831 | AU5: =SUMIFS(COROP!$X$2:$X$41,COROP!$D$2:$D$41,$A5)*Parameters!$B$5+SUMIFS(COROP!$T$2:$T$41,COROP!$D$2:$D$41,$A5)*Parameters!$F$14*Parameters!$H$14 -> 501.16119 | AV5: =SUMIFS(COROP!$Y$2:$Y$41,COROP!$D$2:$D$41,$A5)*Parameters!$B$5+SUMIFS(COROP!$U$2:$U$41,COROP!$D$2:$D$41,$A5)*Parameters!$F$14*Parameters!$H$14 -> 733.04481 | AW5: =Parameters!$D$22*SUMIFS(COROP!$AA$2:$AA$41,COROP!$D$2:$D$41,$A5)/SUM(COROP!$AA$2:$AA$41) -> 7550 | AX5: =Parameters!$D$22*SUMIFS(COROP!$AA$2:$AA$41,COROP!$D$2:$D$41,$A5)/SUM(COROP!$AA$2:$AA$41) -> 7550 | AY5: =Parameters!$D$22*SUMIFS(COROP!$AA$2:$AA$41,COROP!$D$2:$D$41,$A5)/SUM(COROP!$AA$2:$AA$41) -> 7550
A6: 5 | B6: Gelderland | C6: 2 | D6: =E6*Parameters!$B$2 -> 2135.8834 | E6: =SUMIFS(COROP!$R$2:$R$41,COROP!$D$2:$D$41,$A6)*Parameters!$F$12*(1-Parameters!$H$12)*Parameters!$G$12 -> 4805.7377 | F6: =SUMIFS(COROP!$S$2:$S$41,COROP!$D$2:$D$41,$A6)*Parameters!$F$12*(1-Parameters!$H$12)*Parameters!$G$12 -> 9097.541 | G6: =H6*Parameters!$B$2 -> 706.78324 | H6: =SUMIFS(COROP!$R$2:$R$41,COROP!$D$2:$D$41,$A6)*Parameters!$F$12*(1-Parameters!$H$12)*(1-Parameters!$G$12) -> 1590.2623 | I6: =SUMIFS(COROP!$S$2:$S$41,COROP!$D$2:$D$41,$A6)*Parameters!$F$12*(1-Parameters!$H$12)*(1-Parameters!$G$12) -> 3010.459 | J6: =K6*Parameters!$B$2 -> 779.96539 | K6: =SUMIFS(COROP!$V$2:$V$41,COROP!$D$2:$D$41,$A6)*Parameters!$B$5+SUMIFS(COROP!$R$2:$R$41,COROP!$D$2:$D$41,$A6)*Parameters!$F$12*Parameters!$H$12 -> 1754.9221 | L6: =SUMIFS(COROP!$W$2:$W$41,COROP!$D$2:$D$41,$A6)*Parameters!$B$5+SUMIFS(COROP!$S$2:$S$41,COROP!$D$2:$D$41,$A6)*Parameters!$F$12*Parameters!$H$12 -> 2654.4815 | M6: =Parameters!$D$19*SUMIFS(COROP!$Z$2:$Z$41,COROP!$D$2:$D$41,$A6)/SUM(COROP!$Z$2:$Z$41) -> 4502.2744 | N6: =Parameters!$D$19*SUMIFS(COROP!$Z$2:$Z$41,COROP!$D$2:$D$41,$A6)/SUM(COROP!$Z$2:$Z$41) -> 4502.2744 | O6: =Parameters!$D$19*SUMIFS(COROP!$Z$2:$Z$41,COROP!$D$2:$D$41,$A6)/SUM(COROP!$Z$2:$Z$41) -> 4502.2744 | P6: =Q6*Parameters!$B$2 -> 328.18713 | Q6: =SUMIFS(COROP!$T$2:$T$41,COROP!$D$2:$D$41,$A6)*Parameters!$F$15*(1-Parameters!$H$15)*Parameters!$G$15 -> 738.42105 | R6: =SUMIFS(COROP!$U$2:$U$41,COROP!$D$2:$D$41,$A6)*Parameters!$F$15*(1-Parameters!$H$15)*Parameters!$G$15 -> 1272.1711 | S6: =T6*Parameters!$B$2 -> 489.59064 | T6: =SUMIFS(COROP!$T$2:$T$41,COROP!$D$2:$D$41,$A6)*Parameters!$F$15*(1-Parameters!$H$15)*(1-Parameters!$G$15) -> 1101.5789 | U6: =SUMIFS(COROP!$U$2:$U$41,COROP!$D$2:$D$41,$A6)*Parameters!$F$15*(1-Parameters!$H$15)*(1-Parameters!$G$15) -> 1897.8289 | V6: =W6*Parameters!$B$2 -> 325.83655 | W6: =SUMIFS(COROP!$X$2:$X$41,COROP!$D$2:$D$41,$A6)*Parameters!$B$5+SUMIFS(COROP!$T$2:$T$41,COROP!$D$2:$D$41,$A6)*Parameters!$F$15*Parameters!$H$15 -> 733.13224 | X6: =SUMIFS(COROP!$Y$2:$Y$41,COROP!$D$2:$D$41,$A6)*Parameters!$B$5+SUMIFS(COROP!$U$2:$U$41,COROP!$D$2:$D$41,$A6)*Parameters!$F$15*Parameters!$H$15 -> 798.43565 | Y6: =Parameters!$D$20*SUMIFS(COROP!$AA$2:$AA$41,COROP!$D$2:$D$41,$A6)/SUM(COROP!$AA$2:$AA$41) -> 4518.8659 | Z6: =Parameters!$D$20*SUMIFS(COROP!$AA$2:$AA$41,COROP!$D$2:$D$41,$A6)/SUM(COROP!$AA$2:$AA$41) -> 4518.8659 | AA6: =Parameters!$D$20*SUMIFS(COROP!$AA$2:$AA$41,COROP!$D$2:$D$41,$A6)/SUM(COROP!$AA$2:$AA$41) -> 4518.8659 | AB6: =AC6*Parameters!$B$2 -> 1188.3279 | AC6: =SUMIFS(COROP!$R$2:$R$41,COROP!$D$2:$D$41,$A6)*Parameters!$F$11*(1-Parameters!$H$11)*Parameters!$G$11 -> 2673.7377 | AD6: =SUMIFS(COROP!$S$2:$S$41,COROP!$D$2:$D$41,$A6)*Parameters!$F$11*(1-Parameters!$H$11)*Parameters!$G$11 -> 5061.541 | AE6: =AF6*Parameters!$B$2 -> 473.77778 | AF6: =SUMIFS(COROP!$R$2:$R$41,COROP!$D$2:$D$41,$A6)*Parameters!$F$11*(1-Parameters!$H$11)*(1-Parameters!$G$11) -> 1066 | AG6: =SUMIFS(COROP!$S$2:$S$41,COROP!$D$2:$D$41,$A6)*Parameters!$F$11*(1-Parameters!$H$11)*(1-Parameters!$G$11) -> 2018 | AH6: =AI6*Parameters!$B$2 -> 904.23497 | AI6: =SUMIFS(COROP!$V$2:$V$41,COROP!$D$2:$D$41,$A6)*Parameters!$B$5+SUMIFS(COROP!$R$2:$R$41,COROP!$D$2:$D$41,$A6)*Parameters!$F$11*Parameters!$H$11 -> 2034.5287 | AJ6: =SUMIFS(COROP!$W$2:$W$41,COROP!$D$2:$D$41,$A6)*Parameters!$B$5+SUMIFS(COROP!$S$2:$S$41,COROP!$D$2:$D$41,$A6)*Parameters!$F$11*Parameters!$H$11 -> 3183.793 | AK6: =Parameters!$D$21*SUMIFS(COROP!$Z$2:$Z$41,COROP!$D$2:$D$41,$A6)/SUM(COROP!$Z$2:$Z$41) -> 9133.1852 | AL6: =Parameters!$D$21*SUMIFS(COROP!$Z$2:$Z$41,COROP!$D$2:$D$41,$A6)/SUM(COROP!$Z$2:$Z$41) -> 9133.1852 | AM6: =Parameters!$D$21*SUMIFS(COROP!$Z$2:$Z$41,COROP!$D$2:$D$41,$A6)/SUM(COROP!$Z$2:$Z$41) -> 9133.1852 | AN6: =AO6*Parameters!$B$2 -> 247.48538 | AO6: =SUMIFS(COROP!$T$2:$T$41,COROP!$D$2:$D$41,$A6)*Parameters!$F$14*(1-Parameters!$H$14)*Parameters!$G$14 -> 556.84211 | AP6: =SUMIFS(COROP!$U$2:$U$41,COROP!$D$2:$D$41,$A6)*Parameters!$F$14*(1-Parameters!$H$14)*Parameters!$G$14 -> 959.34211 | AQ6: =AR6*Parameters!$B$2 -> 328.18713 | AR6: =SUMIFS(COROP!$T$2:$T$41,COROP!$D$2:$D$41,$A6)*Parameters!$F$14*(1-Parameters!$H$14)*(1-Parameters!$G$14) -> 738.42105 | AS6: =SUMIFS(COROP!$U$2:$U$41,COROP!$D$2:$D$41,$A6)*Parameters!$F$14*(1-Parameters!$H$14)*(1-Parameters!$G$14) -> 1272.1711 | AT6: =AU6*Parameters!$B$2 -> 411.91842 | AU6: =SUMIFS(COROP!$X$2:$X$41,COROP!$D$2:$D$41,$A6)*Parameters!$B$5+SUMIFS(COROP!$T$2:$T$41,COROP!$D$2:$D$41,$A6)*Parameters!$F$14*Parameters!$H$14 -> 926.81645 | AV6: =SUMIFS(COROP!$Y$2:$Y$41,COROP!$D$2:$D$41,$A6)*Parameters!$B$5+SUMIFS(COROP!$U$2:$U$41,COROP!$D$2:$D$41,$A6)*Parameters!$F$14*Parameters!$H$14 -> 1132.1199 | AW6: =Parameters!$D$22*SUMIFS(COROP!$AA$2:$AA$41,COROP!$D$2:$D$41,$A6)/SUM(COROP!$AA$2:$AA$41) -> 12250 | AX6: =Parameters!$D$22*SUMIFS(COROP!$AA$2:$AA$41,COROP!$D$2:$D$41,$A6)/SUM(COROP!$AA$2:$AA$41) -> 12250 | AY6: =Parameters!$D$22*SUMIFS(COROP!$AA$2:$AA$41,COROP!$D$2:$D$41,$A6)/SUM(COROP!$AA$2:$AA$41) -> 12250
A7: 6 | B7: Utrecht | C7: 1 | D7: =E7*Parameters!$B$2 -> 1482.6958 | E7: =SUMIFS(COROP!$R$2:$R$41,COROP!$D$2:$D$41,$A7)*Parameters!$F$12*(1-Parameters!$H$12)*Parameters!$G$12 -> 3336.0656 | F7: =SUMIFS(COROP!$S$2:$S$41,COROP!$D$2:$D$41,$A7)*Parameters!$F$12*(1-Parameters!$H$12)*Parameters!$G$12 -> 6897.541 | G7: =H7*Parameters!$B$2 -> 490.63752 | H7: =SUMIFS(COROP!$R$2:$R$41,COROP!$D$2:$D$41,$A7)*Parameters!$F$12*(1-Parameters!$H$12)*(1-Parameters!$G$12) -> 1103.9344 | I7: =SUMIFS(COROP!$S$2:$S$41,COROP!$D$2:$D$41,$A7)*Parameters!$F$12*(1-Parameters!$H$12)*(1-Parameters!$G$12) -> 2282.459 | J7: =K7*Parameters!$B$2 -> 933.51709 | K7: =SUMIFS(COROP!$V$2:$V$41,COROP!$D$2:$D$41,$A7)*Parameters!$B$5+SUMIFS(COROP!$R$2:$R$41,COROP!$D$2:$D$41,$A7)*Parameters!$F$12*Parameters!$H$12 -> 2100.4135 | L7: =SUMIFS(COROP!$W$2:$W$41,COROP!$D$2:$D$41,$A7)*Parameters!$B$5+SUMIFS(COROP!$S$2:$S$41,COROP!$D$2:$D$41,$A7)*Parameters!$F$12*Parameters!$H$12 -> 3253.8989 | M7: =Parameters!$D$19*SUMIFS(COROP!$Z$2:$Z$41,COROP!$D$2:$D$41,$A7)/SUM(COROP!$Z$2:$Z$41) -> 1240.347 | N7: =Parameters!$D$19*SUMIFS(COROP!$Z$2:$Z$41,COROP!$D$2:$D$41,$A7)/SUM(COROP!$Z$2:$Z$41) -> 1240.347 | O7: =Parameters!$D$19*SUMIFS(COROP!$Z$2:$Z$41,COROP!$D$2:$D$41,$A7)/SUM(COROP!$Z$2:$Z$41) -> 1240.347 | P7: =Q7*Parameters!$B$2 -> 258.62573 | Q7: =SUMIFS(COROP!$T$2:$T$41,COROP!$D$2:$D$41,$A7)*Parameters!$F$15*(1-Parameters!$H$15)*Parameters!$G$15 -> 581.90789 | R7: =SUMIFS(COROP!$U$2:$U$41,COROP!$D$2:$D$41,$A7)*Parameters!$F$15*(1-Parameters!$H$15)*Parameters!$G$15 -> 838.75 | S7: =T7*Parameters!$B$2 -> 385.81871 | T7: =SUMIFS(COROP!$T$2:$T$41,COROP!$D$2:$D$41,$A7)*Parameters!$F$15*(1-Parameters!$H$15)*(1-Parameters!$G$15) -> 868.09211 | U7: =SUMIFS(COROP!$U$2:$U$41,COROP!$D$2:$D$41,$A7)*Parameters!$F$15*(1-Parameters!$H$15)*(1-Parameters!$G$15) -> 1251.25 | V7: =W7*Parameters!$B$2 -> 436.62771 | W7: =SUMIFS(COROP!$X$2:$X$41,COROP!$D$2:$D$41,$A7)*Parameters!$B$5+SUMIFS(COROP!$T$2:$T$41,COROP!$D$2:$D$41,$A7)*Parameters!$F$15*Parameters!$H$15 -> 982.41234 | X7: =SUMIFS(COROP!$Y$2:$Y$41,COROP!$D$2:$D$41,$A7)*Parameters!$B$5+SUMIFS(COROP!$U$2:$U$41,COROP!$D$2:$D$41,$A7)*Parameters!$F$15*Parameters!$H$15 -> 1105.5217 | Y7: =Parameters!$D$20*SUMIFS(COROP!$AA$2:$AA$41,COROP!$D$2:$D$41,$A7)/SUM(COROP!$AA$2:$AA$41) -> 1254.2159 | Z7: =Parameters!$D$20*SUMIFS(COROP!$AA$2:$AA$41,COROP!$D$2:$D$41,$A7)/SUM(COROP!$AA$2:$AA$41) -> 1254.2159 | AA7: =Parameters!$D$20*SUMIFS(COROP!$AA$2:$AA$41,COROP!$D$2:$D$41,$A7)/SUM(COROP!$AA$2:$AA$41) -> 1254.2159 | AB7: =AC7*Parameters!$B$2 -> 824.91803 | AC7: =SUMIFS(COROP!$R$2:$R$41,COROP!$D$2:$D$41,$A7)*Parameters!$F$11*(1-Parameters!$H$11)*Parameters!$G$11 -> 1856.0656 | AD7: =SUMIFS(COROP!$S$2:$S$41,COROP!$D$2:$D$41,$A7)*Parameters!$F$11*(1-Parameters!$H$11)*Parameters!$G$11 -> 3837.541 | AE7: =AF7*Parameters!$B$2 -> 328.88889 | AF7: =SUMIFS(COROP!$R$2:$R$41,COROP!$D$2:$D$41,$A7)*Parameters!$F$11*(1-Parameters!$H$11)*(1-Parameters!$G$11) -> 740 | AG7: =SUMIFS(COROP!$S$2:$S$41,COROP!$D$2:$D$41,$A7)*Parameters!$F$11*(1-Parameters!$H$11)*(1-Parameters!$G$11) -> 1530 | AH7: =AI7*Parameters!$B$2 -> 1019.783 | AI7: =SUMIFS(COROP!$V$2:$V$41,COROP!$D$2:$D$41,$A7)*Parameters!$B$5+SUMIFS(COROP!$R$2:$R$41,COROP!$D$2:$D$41,$A7)*Parameters!$F$11*Parameters!$H$11 -> 2294.5118 | AJ7: =SUMIFS(COROP!$W$2:$W$41,COROP!$D$2:$D$41,$A7)*Parameters!$B$5+SUMIFS(COROP!$S$2:$S$41,COROP!$D$2:$D$41,$A7)*Parameters!$F$11*Parameters!$H$11 -> 3655.2104 | AK7: =Parameters!$D$21*SUMIFS(COROP!$Z$2:$Z$41,COROP!$D$2:$D$41,$A7)/SUM(COROP!$Z$2:$Z$41) -> 2516.1324 | AL7: =Parameters!$D$21*SUMIFS(COROP!$Z$2:$Z$41,COROP!$D$2:$D$41,$A7)/SUM(COROP!$Z$2:$Z$41) -> 2516.1324 | AM7: =Parameters!$D$21*SUMIFS(COROP!$Z$2:$Z$41,COROP!$D$2:$D$41,$A7)/SUM(COROP!$Z$2:$Z$41) -> 2516.1324 | AN7: =AO7*Parameters!$B$2 -> 195.02924 | AO7: =SUMIFS(COROP!$T$2:$T$41,COROP!$D$2:$D$41,$A7)*Parameters!$F$14*(1-Parameters!$H$14)*Parameters!$G$14 -> 438.81579 | AP7: =SUMIFS(COROP!$U$2:$U$41,COROP!$D$2:$D$41,$A7)*Parameters!$F$14*(1-Parameters!$H$14)*Parameters!$G$14 -> 632.5 | AQ7: =AR7*Parameters!$B$2 -> 258.62573 | AR7: =SUMIFS(COROP!$T$2:$T$41,COROP!$D$2:$D$41,$A7)*Parameters!$F$14*(1-Parameters!$H$14)*(1-Parameters!$G$14) -> 581.90789 | AS7: =SUMIFS(COROP!$U$2:$U$41,COROP!$D$2:$D$41,$A7)*Parameters!$F$14*(1-Parameters!$H$14)*(1-Parameters!$G$14) -> 838.75 | AT7: =AU7*Parameters!$B$2 -> 504.46396 | AU7: =SUMIFS(COROP!$X$2:$X$41,COROP!$D$2:$D$41,$A7)*Parameters!$B$5+SUMIFS(COROP!$T$2:$T$41,COROP!$D$2:$D$41,$A7)*Parameters!$F$14*Parameters!$H$14 -> 1135.0439 | AV7: =SUMIFS(COROP!$Y$2:$Y$41,COROP!$D$2:$D$41,$A7)*Parameters!$B$5+SUMIFS(COROP!$U$2:$U$41,COROP!$D$2:$D$41,$A7)*Parameters!$F$14*Parameters!$H$14 -> 1325.5217 | AW7: =Parameters!$D$22*SUMIFS(COROP!$AA$2:$AA$41,COROP!$D$2:$D$41,$A7)/SUM(COROP!$AA$2:$AA$41) -> 3400 | AX7: =Parameters!$D$22*SUMIFS(COROP!$AA$2:$AA$41,COROP!$D$2:$D$41,$A7)/SUM(COROP!$AA$2:$AA$41) -> 3400 | AY7: =Parameters!$D$22*SUMIFS(COROP!$AA$2:$AA$41,COROP!$D$2:$D$41,$A7)/SUM(COROP!$AA$2:$AA$41) -> 3400
A8: 7 | B8: Noord-Holland | C8: 1 | D8: =E8*Parameters!$B$2 -> 2171.949 | E8: =SUMIFS(COROP!$R$2:$R$41,COROP!$D$2:$D$41,$A8)*Parameters!$F$12*(1-Parameters!$H$12)*Parameters!$G$12 -> 4886.8852 | F8: =SUMIFS(COROP!$S$2:$S$41,COROP!$D$2:$D$41,$A8)*Parameters!$F$12*(1-Parameters!$H$12)*Parameters!$G$12 -> 7880.3279 | G8: =H8*Parameters!$B$2 -> 718.71767 | H8: =SUMIFS(COROP!$R$2:$R$41,COROP!$D$2:$D$41,$A8)*Parameters!$F$12*(1-Parameters!$H$12)*(1-Parameters!$G$12) -> 1617.1148 | I8: =SUMIFS(COROP!$S$2:$S$41,COROP!$D$2:$D$41,$A8)*Parameters!$F$12*(1-Parameters!$H$12)*(1-Parameters!$G$12) -> 2607.6721 | J8: =K8*Parameters!$B$2 -> 1821.091 | K8: =SUMIFS(COROP!$V$2:$V$41,COROP!$D$2:$D$41,$A8)*Parameters!$B$5+SUMIFS(COROP!$R$2:$R$41,COROP!$D$2:$D$41,$A8)*Parameters!$F$12*Parameters!$H$12 -> 4097.4547 | L8: =SUMIFS(COROP!$W$2:$W$41,COROP!$D$2:$D$41,$A8)*Parameters!$B$5+SUMIFS(COROP!$S$2:$S$41,COROP!$D$2:$D$41,$A8)*Parameters!$F$12*Parameters!$H$12 -> 5519.7138 | M8: =Parameters!$D$19*SUMIFS(COROP!$Z$2:$Z$41,COROP!$D$2:$D$41,$A8)/SUM(COROP!$Z$2:$Z$41) -> 5361.261 | N8: =Parameters!$D$19*SUMIFS(COROP!$Z$2:$Z$41,COROP!$D$2:$D$41,$A8)/SUM(COROP!$Z$2:$Z$41) -> 5361.261 | O8: =Parameters!$D$19*SUMIFS(COROP!$Z$2:$Z$41,COROP!$D$2:$D$41,$A8)/SUM(COROP!$Z$2:$Z$41) -> 5361.261 | P8: =Q8*Parameters!$B$2 -> 424.50292 | Q8: =SUMIFS(COROP!$T$2:$T$41,COROP!$D$2:$D$41,$A8)*Parameters!$F$15*(1-Parameters!$H$15)*Parameters!$G$15 -> 955.13158 | R8: =SUMIFS(COROP!$U$2:$U$41,COROP!$D$2:$D$41,$A8)*Parameters!$F$15*(1-Parameters!$H$15)*Parameters!$G$15 -> 1392.5658 | S8: =T8*Parameters!$B$2 -> 633.27485 | T8: =SUMIFS(COROP!$T$2:$T$41,COROP!$D$2:$D$41,$A8)*Parameters!$F$15*(1-Parameters!$H$15)*(1-Parameters!$G$15) -> 1424.8684 | U8: =SUMIFS(COROP!$U$2:$U$41,COROP!$D$2:$D$41,$A8)*Parameters!$F$15*(1-Parameters!$H$15)*(1-Parameters!$G$15) -> 2077.4342 | V8: =W8*Parameters!$B$2 -> 1042.293 | W8: =SUMIFS(COROP!$X$2:$X$41,COROP!$D$2:$D$41,$A8)*Parameters!$B$5+SUMIFS(COROP!$T$2:$T$41,COROP!$D$2:$D$41,$A8)*Parameters!$F$15*Parameters!$H$15 -> 2345.1593 | X8: =SUMIFS(COROP!$Y$2:$Y$41,COROP!$D$2:$D$41,$A8)*Parameters!$B$5+SUMIFS(COROP!$U$2:$U$41,COROP!$D$2:$D$41,$A8)*Parameters!$F$15*Parameters!$H$15 -> 2662.5551 | Y8: =Parameters!$D$20*SUMIFS(COROP!$AA$2:$AA$41,COROP!$D$2:$D$41,$A8)/SUM(COROP!$AA$2:$AA$41) -> 5345.1728 | Z8: =Parameters!$D$20*SUMIFS(COROP!$AA$2:$AA$41,COROP!$D$2:$D$41,$A8)/SUM(COROP!$AA$2:$AA$41) -> 5345.1728 | AA8: =Parameters!$D$20*SUMIFS(COROP!$AA$2:$AA$41,COROP!$D$2:$D$41,$A8)/SUM(COROP!$AA$2:$AA$41) -> 5345.1728 | AB8: =AC8*Parameters!$B$2 -> 1208.3934 | AC8: =SUMIFS(COROP!$R$2:$R$41,COROP!$D$2:$D$41,$A8)*Parameters!$F$11*(1-Parameters!$H$11)*Parameters!$G$11 -> 2718.8852 | AD8: =SUMIFS(COROP!$S$2:$S$41,COROP!$D$2:$D$41,$A8)*Parameters!$F$11*(1-Parameters!$H$11)*Parameters!$G$11 -> 4384.3279 | AE8: =AF8*Parameters!$B$2 -> 481.77778 | AF8: =SUMIFS(COROP!$R$2:$R$41,COROP!$D$2:$D$41,$A8)*Parameters!$F$11*(1-Parameters!$H$11)*(1-Parameters!$G$11) -> 1084 | AG8: =SUMIFS(COROP!$S$2:$S$41,COROP!$D$2:$D$41,$A8)*Parameters!$F$11*(1-Parameters!$H$11)*(1-Parameters!$G$11) -> 1748 | AH8: =AI8*Parameters!$B$2 -> 1947.4589 | AI8: =SUMIFS(COROP!$V$2:$V$41,COROP!$D$2:$D$41,$A8)*Parameters!$B$5+SUMIFS(COROP!$R$2:$R$41,COROP!$D$2:$D$41,$A8)*Parameters!$F$11*Parameters!$H$11 -> 4381.7826 | AJ8: =SUMIFS(COROP!$W$2:$W$41,COROP!$D$2:$D$41,$A8)*Parameters!$B$5+SUMIFS(COROP!$S$2:$S$41,COROP!$D$2:$D$41,$A8)*Parameters!$F$11*Parameters!$H$11 -> 5978.2056 | AK8: =Parameters!$D$21*SUMIFS(COROP!$Z$2:$Z$41,COROP!$D$2:$D$41,$A8)/SUM(COROP!$Z$2:$Z$41) -> 10875.701 | AL8: =Parameters!$D$21*SUMIFS(COROP!$Z$2:$Z$41,COROP!$D$2:$D$41,$A8)/SUM(COROP!$Z$2:$Z$41) -> 10875.701 | AM8: =Parameters!$D$21*SUMIFS(COROP!$Z$2:$Z$41,COROP!$D$2:$D$41,$A8)/SUM(COROP!$Z$2:$Z$41) -> 10875.701 | AN8: =AO8*Parameters!$B$2 -> 320.11696 | AO8: =SUMIFS(COROP!$T$2:$T$41,COROP!$D$2:$D$41,$A8)*Parameters!$F$14*(1-Parameters!$H$14)*Parameters!$G$14 -> 720.26316 | AP8: =SUMIFS(COROP!$U$2:$U$41,COROP!$D$2:$D$41,$A8)*Parameters!$F$14*(1-Parameters!$H$14)*Parameters!$G$14 -> 1050.1316 | AQ8: =AR8*Parameters!$B$2 -> 424.50292 | AR8: =SUMIFS(COROP!$T$2:$T$41,COROP!$D$2:$D$41,$A8)*Parameters!$F$14*(1-Parameters!$H$14)*(1-Parameters!$G$14) -> 955.13158 | AS8: =SUMIFS(COROP!$U$2:$U$41,COROP!$D$2:$D$41,$A8)*Parameters!$F$14*(1-Parameters!$H$14)*(1-Parameters!$G$14) -> 1392.5658 | AT8: =AU8*Parameters!$B$2 -> 1153.638 | AU8: =SUMIFS(COROP!$X$2:$X$41,COROP!$D$2:$D$41,$A8)*Parameters!$B$5+SUMIFS(COROP!$T$2:$T$41,COROP!$D$2:$D$41,$A8)*Parameters!$F$14*Parameters!$H$14 -> 2595.6856 | AV8: =SUMIFS(COROP!$Y$2:$Y$41,COROP!$D$2:$D$41,$A8)*Parameters!$B$5+SUMIFS(COROP!$U$2:$U$41,COROP!$D$2:$D$41,$A8)*Parameters!$F$14*Parameters!$H$14 -> 3027.8183 | AW8: =Parameters!$D$22*SUMIFS(COROP!$AA$2:$AA$41,COROP!$D$2:$D$41,$A8)/SUM(COROP!$AA$2:$AA$41) -> 14490 | AX8: =Parameters!$D$22*SUMIFS(COROP!$AA$2:$AA$41,COROP!$D$2:$D$41,$A8)/SUM(COROP!$AA$2:$AA$41) -> 14490 | AY8: =Parameters!$D$22*SUMIFS(COROP!$AA$2:$AA$41,COROP!$D$2:$D$41,$A8)/SUM(COROP!$AA$2:$AA$41) -> 14490
A9: 8 | B9: Zuid-Holland | C9: 1 | D9: =E9*Parameters!$B$2 -> 3101.6393 | E9: =SUMIFS(COROP!$R$2:$R$41,COROP!$D$2:$D$41,$A9)*Parameters!$F$12*(1-Parameters!$H$12)*Parameters!$G$12 -> 6978.6885 | F9: =SUMIFS(COROP!$S$2:$S$41,COROP!$D$2:$D$41,$A9)*Parameters!$F$12*(1-Parameters!$H$12)*Parameters!$G$12 -> 13443.443 | G9: =H9*Parameters!$B$2 -> 1026.3607 | H9: =SUMIFS(COROP!$R$2:$R$41,COROP!$D$2:$D$41,$A9)*Parameters!$F$12*(1-Parameters!$H$12)*(1-Parameters!$G$12) -> 2309.3115 | I9: =SUMIFS(COROP!$S$2:$S$41,COROP!$D$2:$D$41,$A9)*Parameters!$F$12*(1-Parameters!$H$12)*(1-Parameters!$G$12) -> 4448.5574 | J9: =K9*Parameters!$B$2 -> 1917.098 | K9: =SUMIFS(COROP!$V$2:$V$41,COROP!$D$2:$D$41,$A9)*Parameters!$B$5+SUMIFS(COROP!$R$2:$R$41,COROP!$D$2:$D$41,$A9)*Parameters!$F$12*Parameters!$H$12 -> 4313.4705 | L9: =SUMIFS(COROP!$W$2:$W$41,COROP!$D$2:$D$41,$A9)*Parameters!$B$5+SUMIFS(COROP!$S$2:$S$41,COROP!$D$2:$D$41,$A9)*Parameters!$F$12*Parameters!$H$12 -> 6152.8893 | M9: =Parameters!$D$19*SUMIFS(COROP!$Z$2:$Z$41,COROP!$D$2:$D$41,$A9)/SUM(COROP!$Z$2:$Z$41) -> 3480.3766 | N9: =Parameters!$D$19*SUMIFS(COROP!$Z$2:$Z$41,COROP!$D$2:$D$41,$A9)/SUM(COROP!$Z$2:$Z$41) -> 3480.3766 | O9: =Parameters!$D$19*SUMIFS(COROP!$Z$2:$Z$41,COROP!$D$2:$D$41,$A9)/SUM(COROP!$Z$2:$Z$41) -> 3480.3766 | P9: =Q9*Parameters!$B$2 -> 583.24561 | Q9: =SUMIFS(COROP!$T$2:$T$41,COROP!$D$2:$D$41,$A9)*Parameters!$F$15*(1-Parameters!$H$15)*Parameters!$G$15 -> 1312.3026 | R9: =SUMIFS(COROP!$U$2:$U$41,COROP!$D$2:$D$41,$A9)*Parameters!$F$15*(1-Parameters!$H$15)*Parameters!$G$15 -> 2283.4868 | S9: =T9*Parameters!$B$2 -> 870.08772 | T9: =SUMIFS(COROP!$T$2:$T$41,COROP!$D$2:$D$41,$A9)*Parameters!$F$15*(1-Parameters!$H$15)*(1-Parameters!$G$15) -> 1957.6974 | U9: =SUMIFS(COROP!$U$2:$U$41,COROP!$D$2:$D$41,$A9)*Parameters!$F$15*(1-Parameters!$H$15)*(1-Parameters!$G$15) -> 3406.5132 | V9: =W9*Parameters!$B$2 -> 1060.012 | W9: =SUMIFS(COROP!$X$2:$X$41,COROP!$D$2:$D$41,$A9)*Parameters!$B$5+SUMIFS(COROP!$T$2:$T$41,COROP!$D$2:$D$41,$A9)*Parameters!$F$15*Parameters!$H$15 -> 2385.0271 | X9: =SUMIFS(COROP!$Y$2:$Y$41,COROP!$D$2:$D$41,$A9)*Parameters!$B$5+SUMIFS(COROP!$U$2:$U$41,COROP!$D$2:$D$41,$A9)*Parameters!$F$15*Parameters!$H$15 -> 2713.77 | Y9: =Parameters!$D$20*SUMIFS(COROP!$AA$2:$AA$41,COROP!$D$2:$D$41,$A9)/SUM(COROP!$AA$2:$AA$41) -> 3467.5379 | Z9: =Parameters!$D$20*SUMIFS(COROP!$AA$2:$AA$41,COROP!$D$2:$D$41,$A9)/SUM(COROP!$AA$2:$AA$41) -> 3467.5379 | AA9: =Parameters!$D$20*SUMIFS(COROP!$AA$2:$AA$41,COROP!$D$2:$D$41,$A9)/SUM(COROP!$AA$2:$AA$41) -> 3467.5379 | AB9: =AC9*Parameters!$B$2 -> 1725.6393 | AC9: =SUMIFS(COROP!$R$2:$R$41,COROP!$D$2:$D$41,$A9)*Parameters!$F$11*(1-Parameters!$H$11)*Parameters!$G$11 -> 3882.6885 | AD9: =SUMIFS(COROP!$S$2:$S$41,COROP!$D$2:$D$41,$A9)*Parameters!$F$11*(1-Parameters!$H$11)*Parameters!$G$11 -> 7479.4426 | AE9: =AF9*Parameters!$B$2 -> 688 | AF9: =SUMIFS(COROP!$R$2:$R$41,COROP!$D$2:$D$41,$A9)*Parameters!$F$11*(1-Parameters!$H$11)*(1-Parameters!$G$11) -> 1548 | AG9: =SUMIFS(COROP!$S$2:$S$41,COROP!$D$2:$D$41,$A9)*Parameters!$F$11*(1-Parameters!$H$11)*(1-Parameters!$G$11) -> 2982 | AH9: =AI9*Parameters!$B$2 -> 2097.557 | AI9: =SUMIFS(COROP!$V$2:$V$41,COROP!$D$2:$D$41,$A9)*Parameters!$B$5+SUMIFS(COROP!$R$2:$R$41,COROP!$D$2:$D$41,$A9)*Parameters!$F$11*Parameters!$H$11 -> 4719.5033 | AJ9: =SUMIFS(COROP!$W$2:$W$41,COROP!$D$2:$D$41,$A9)*Parameters!$B$5+SUMIFS(COROP!$S$2:$S$41,COROP!$D$2:$D$41,$A9)*Parameters!$F$11*Parameters!$H$11 -> 6935.0533 | AK9: =Parameters!$D$21*SUMIFS(COROP!$Z$2:$Z$41,COROP!$D$2:$D$41,$A9)/SUM(COROP!$Z$2:$Z$41) -> 7060.1925 | AL9: =Parameters!$D$21*SUMIFS(COROP!$Z$2:$Z$41,COROP!$D$2:$D$41,$A9)/SUM(COROP!$Z$2:$Z$41) -> 7060.1925 | AM9: =Parameters!$D$21*SUMIFS(COROP!$Z$2:$Z$41,COROP!$D$2:$D$41,$A9)/SUM(COROP!$Z$2:$Z$41) -> 7060.1925 | AN9: =AO9*Parameters!$B$2 -> 439.82456 | AO9: =SUMIFS(COROP!$T$2:$T$41,COROP!$D$2:$D$41,$A9)*Parameters!$F$14*(1-Parameters!$H$14)*Parameters!$G$14 -> 989.60526 | AP9: =SUMIFS(COROP!$U$2:$U$41,COROP!$D$2:$D$41,$A9)*Parameters!$F$14*(1-Parameters!$H$14)*Parameters!$G$14 -> 1721.9737 | AQ9: =AR9*Parameters!$B$2 -> 583.24561 | AR9: =SUMIFS(COROP!$T$2:$T$41,COROP!$D$2:$D$41,$A9)*Parameters!$F$14*(1-Parameters!$H$14)*(1-Parameters!$G$14) -> 1312.3026 | AS9: =SUMIFS(COROP!$U$2:$U$41,COROP!$D$2:$D$41,$A9)*Parameters!$F$14*(1-Parameters!$H$14)*(1-Parameters!$G$14) -> 2283.4868 | AT9: =AU9*Parameters!$B$2 -> 1212.9945 | AU9: =SUMIFS(COROP!$X$2:$X$41,COROP!$D$2:$D$41,$A9)*Parameters!$B$5+SUMIFS(COROP!$T$2:$T$41,COROP!$D$2:$D$41,$A9)*Parameters!$F$14*Parameters!$H$14 -> 2729.2376 | AV9: =SUMIFS(COROP!$Y$2:$Y$41,COROP!$D$2:$D$41,$A9)*Parameters!$B$5+SUMIFS(COROP!$U$2:$U$41,COROP!$D$2:$D$41,$A9)*Parameters!$F$14*Parameters!$H$14 -> 3312.7174 | AW9: =Parameters!$D$22*SUMIFS(COROP!$AA$2:$AA$41,COROP!$D$2:$D$41,$A9)/SUM(COROP!$AA$2:$AA$41) -> 9400 | AX9: =Parameters!$D$22*SUMIFS(COROP!$AA$2:$AA$41,COROP!$D$2:$D$41,$A9)/SUM(COROP!$AA$2:$AA$41) -> 9400 | AY9: =Parameters!$D$22*SUMIFS(COROP!$AA$2:$AA$41,COROP!$D$2:$D$41,$A9)/SUM(COROP!$AA$2:$AA$41) -> 9400
A10: 9 | B10: Zeeland | C10: 3 | D10: =E10*Parameters!$B$2 -> 260.47359 | E10: =SUMIFS(COROP!$R$2:$R$41,COROP!$D$2:$D$41,$A10)*Parameters!$F$12*(1-Parameters!$H$12)*Parameters!$G$12 -> 586.06557 | F10: =SUMIFS(COROP!$S$2:$S$41,COROP!$D$2:$D$41,$A10)*Parameters!$F$12*(1-Parameters!$H$12)*Parameters!$G$12 -> 865.57377 | G10: =H10*Parameters!$B$2 -> 86.193078 | H10: =SUMIFS(COROP!$R$2:$R$41,COROP!$D$2:$D$41,$A10)*Parameters!$F$12*(1-Parameters!$H$12)*(1-Parameters!$G$12) -> 193.93443 | I10: =SUMIFS(COROP!$S$2:$S$41,COROP!$D$2:$D$41,$A10)*Parameters!$F$12*(1-Parameters!$H$12)*(1-Parameters!$G$12) -> 286.42623 | J10: =K10*Parameters!$B$2 -> 64.833315 | K10: =SUMIFS(COROP!$V$2:$V$41,COROP!$D$2:$D$41,$A10)*Parameters!$B$5+SUMIFS(COROP!$R$2:$R$41,COROP!$D$2:$D$41,$A10)*Parameters!$F$12*Parameters!$H$12 -> 145.87496 | L10: =SUMIFS(COROP!$W$2:$W$41,COROP!$D$2:$D$41,$A10)*Parameters!$B$5+SUMIFS(COROP!$S$2:$S$41,COROP!$D$2:$D$41,$A10)*Parameters!$F$12*Parameters!$H$12 -> 161.12086 | M10: =Parameters!$D$19*SUMIFS(COROP!$Z$2:$Z$41,COROP!$D$2:$D$41,$A10)/SUM(COROP!$Z$2:$Z$41) -> 1540.2518 | N10: =Parameters!$D$19*SUMIFS(COROP!$Z$2:$Z$41,COROP!$D$2:$D$41,$A10)/SUM(COROP!$Z$2:$Z$41) -> 1540.2518 | O10: =Parameters!$D$19*SUMIFS(COROP!$Z$2:$Z$41,COROP!$D$2:$D$41,$A10)/SUM(COROP!$Z$2:$Z$41) -> 1540.2518 | P10: =Q10*Parameters!$B$2 -> 64.210526 | Q10: =SUMIFS(COROP!$T$2:$T$41,COROP!$D$2:$D$41,$A10)*Parameters!$F$15*(1-Parameters!$H$15)*Parameters!$G$15 -> 144.47368 | R10: =SUMIFS(COROP!$U$2:$U$41,COROP!$D$2:$D$41,$A10)*Parameters!$F$15*(1-Parameters!$H$15)*Parameters!$G$15 -> 393.28947 | S10: =T10*Parameters!$B$2 -> 95.789474 | T10: =SUMIFS(COROP!$T$2:$T$41,COROP!$D$2:$D$41,$A10)*Parameters!$F$15*(1-Parameters!$H$15)*(1-Parameters!$G$15) -> 215.52632 | U10: =SUMIFS(COROP!$U$2:$U$41,COROP!$D$2:$D$41,$A10)*Parameters!$F$15*(1-Parameters!$H$15)*(1-Parameters!$G$15) -> 586.71053 | V10: =W10*Parameters!$B$2 -> 15.789474 | W10: =SUMIFS(COROP!$X$2:$X$41,COROP!$D$2:$D$41,$A10)*Parameters!$B$5+SUMIFS(COROP!$T$2:$T$41,COROP!$D$2:$D$41,$A10)*Parameters!$F$15*Parameters!$H$15 -> 35.526316 | X10: =SUMIFS(COROP!$Y$2:$Y$41,COROP!$D$2:$D$41,$A10)*Parameters!$B$5+SUMIFS(COROP!$U$2:$U$41,COROP!$D$2:$D$41,$A10)*Parameters!$F$15*Parameters!$H$15 -> 96.710526 | Y10: =Parameters!$D$20*SUMIFS(COROP!$AA$2:$AA$41,COROP!$D$2:$D$41,$A10)/SUM(COROP!$AA$2:$AA$41) -> 1534.57 | Z10: =Parameters!$D$20*SUMIFS(COROP!$AA$2:$AA$41,COROP!$D$2:$D$41,$A10)/SUM(COROP!$AA$2:$AA$41) -> 1534.57 | AA10: =Parameters!$D$20*SUMIFS(COROP!$AA$2:$AA$41,COROP!$D$2:$D$41,$A10)/SUM(COROP!$AA$2:$AA$41) -> 1534.57 | AB10: =AC10*Parameters!$B$2 -> 144.91803 | AC10: =SUMIFS(COROP!$R$2:$R$41,COROP!$D$2:$D$41,$A10)*Parameters!$F$11*(1-Parameters!$H$11)*Parameters!$G$11 -> 326.06557 | AD10: =SUMIFS(COROP!$S$2:$S$41,COROP!$D$2:$D$41,$A10)*Parameters!$F$11*(1-Parameters!$H$11)*Parameters!$G$11 -> 481.57377 | AE10: =AF10*Parameters!$B$2 -> 57.777778 | AF10: =SUMIFS(COROP!$R$2:$R$41,COROP!$D$2:$D$41,$A10)*Parameters!$F$11*(1-Parameters!$H$11)*(1-Parameters!$G$11) -> 130 | AG10: =SUMIFS(COROP!$S$2:$S$41,COROP!$D$2:$D$41,$A10)*Parameters!$F$11*(1-Parameters!$H$11)*(1-Parameters!$G$11) -> 192 | AH10: =AI10*Parameters!$B$2 -> 79.988142 | AI10: =SUMIFS(COROP!$V$2:$V$41,COROP!$D$2:$D$41,$A10)*Parameters!$B$5+SUMIFS(COROP!$R$2:$R$41,COROP!$D$2:$D$41,$A10)*Parameters!$F$11*Parameters!$H$11 -> 179.97332 | AJ10: =SUMIFS(COROP!$W$2:$W$41,COROP!$D$2:$D$41,$A10)*Parameters!$B$5+SUMIFS(COROP!$S$2:$S$41,COROP!$D$2:$D$41,$A10)*Parameters!$F$11*Parameters!$H$11 -> 211.48152 | AK10: =Parameters!$D$21*SUMIFS(COROP!$Z$2:$Z$41,COROP!$D$2:$D$41,$A10)/SUM(COROP!$Z$2:$Z$41) -> 3124.5107 | AL10: =Parameters!$D$21*SUMIFS(COROP!$Z$2:$Z$41,COROP!$D$2:$D$41,$A10)/SUM(COROP!$Z$2:$Z$41) -> 3124.5107 | AM10: =Parameters!$D$21*SUMIFS(COROP!$Z$2:$Z$41,COROP!$D$2:$D$41,$A10)/SUM(COROP!$Z$2:$Z$41) -> 3124.5107 | AN10: =AO10*Parameters!$B$2 -> 48.421053 | AO10: =SUMIFS(COROP!$T$2:$T$41,COROP!$D$2:$D$41,$A10)*Parameters!$F$14*(1-Parameters!$H$14)*Parameters!$G$14 -> 108.94737 | AP10: =SUMIFS(COROP!$U$2:$U$41,COROP!$D$2:$D$41,$A10)*Parameters!$F$14*(1-Parameters!$H$14)*Parameters!$G$14 -> 296.57895 | AQ10: =AR10*Parameters!$B$2 -> 64.210526 | AR10: =SUMIFS(COROP!$T$2:$T$41,COROP!$D$2:$D$41,$A10)*Parameters!$F$14*(1-Parameters!$H$14)*(1-Parameters!$G$14) -> 144.47368 | AS10: =SUMIFS(COROP!$U$2:$U$41,COROP!$D$2:$D$41,$A10)*Parameters!$F$14*(1-Parameters!$H$14)*(1-Parameters!$G$14) -> 393.28947 | AT10: =AU10*Parameters!$B$2 -> 32.631579 | AU10: =SUMIFS(COROP!$X$2:$X$41,COROP!$D$2:$D$41,$A10)*Parameters!$B$5+SUMIFS(COROP!$T$2:$T$41,COROP!$D$2:$D$41,$A10)*Parameters!$F$14*Parameters!$H$14 -> 73.421053 | AV10: =SUMIFS(COROP!$Y$2:$Y$41,COROP!$D$2:$D$41,$A10)*Parameters!$B$5+SUMIFS(COROP!$U$2:$U$41,COROP!$D$2:$D$41,$A10)*Parameters!$F$14*Parameters!$H$14 -> 199.86842 | AW10: =Parameters!$D$22*SUMIFS(COROP!$AA$2:$AA$41,COROP!$D$2:$D$41,$A10)/SUM(COROP!$AA$2:$AA$41) -> 4160 | AX10: =Parameters!$D$22*SUMIFS(COROP!$AA$2:$AA$41,COROP!$D$2:$D$41,$A10)/SUM(COROP!$AA$2:$AA$41) -> 4160 | AY10: =Parameters!$D$22*SUMIFS(COROP!$AA$2:$AA$41,COROP!$D$2:$D$41,$A10)/SUM(COROP!$AA$2:$AA$41) -> 4160
A11: 10 | B11: Noord-Brabant | C11: 2 | D11: =E11*Parameters!$B$2 -> 3209.8361 | E11: =SUMIFS(COROP!$R$2:$R$41,COROP!$D$2:$D$41,$A11)*Parameters!$F$12*(1-Parameters!$H$12)*Parameters!$G$12 -> 7222.1311 | F11: =SUMIFS(COROP!$S$2:$S$41,COROP!$D$2:$D$41,$A11)*Parameters!$F$12*(1-Parameters!$H$12)*Parameters!$G$12 -> 11540.984 | G11: =H11*Parameters!$B$2 -> 1062.1639 | H11: =SUMIFS(COROP!$R$2:$R$41,COROP!$D$2:$D$41,$A11)*Parameters!$F$12*(1-Parameters!$H$12)*(1-Parameters!$G$12) -> 2389.8689 | I11: =SUMIFS(COROP!$S$2:$S$41,COROP!$D$2:$D$41,$A11)*Parameters!$F$12*(1-Parameters!$H$12)*(1-Parameters!$G$12) -> 3819.0164 | J11: =K11*Parameters!$B$2 -> 1134.3051 | K11: =SUMIFS(COROP!$V$2:$V$41,COROP!$D$2:$D$41,$A11)*Parameters!$B$5+SUMIFS(COROP!$R$2:$R$41,COROP!$D$2:$D$41,$A11)*Parameters!$F$12*Parameters!$H$12 -> 2552.1865 | L11: =SUMIFS(COROP!$W$2:$W$41,COROP!$D$2:$D$41,$A11)*Parameters!$B$5+SUMIFS(COROP!$S$2:$S$41,COROP!$D$2:$D$41,$A11)*Parameters!$F$12*Parameters!$H$12 -> 3627.0805 | M11: =Parameters!$D$19*SUMIFS(COROP!$Z$2:$Z$41,COROP!$D$2:$D$41,$A11)/SUM(COROP!$Z$2:$Z$41) -> 6072.1464 | N11: =Parameters!$D$19*SUMIFS(COROP!$Z$2:$Z$41,COROP!$D$2:$D$41,$A11)/SUM(COROP!$Z$2:$Z$41) -> 6072.1464 | O11: =Parameters!$D$19*SUMIFS(COROP!$Z$2:$Z$41,COROP!$D$2:$D$41,$A11)/SUM(COROP!$Z$2:$Z$41) -> 6072.1464 | P11: =Q11*Parameters!$B$2 -> 531.52047 | Q11: =SUMIFS(COROP!$T$2:$T$41,COROP!$D$2:$D$41,$A11)*Parameters!$F$15*(1-Parameters!$H$15)*Parameters!$G$15 -> 1195.9211 | R11: =SUMIFS(COROP!$U$2:$U$41,COROP!$D$2:$D$41,$A11)*Parameters!$F$15*(1-Parameters!$H$15)*Parameters!$G$15 -> 1673.4868 | S11: =T11*Parameters!$B$2 -> 792.92398 | T11: =SUMIFS(COROP!$T$2:$T$41,COROP!$D$2:$D$41,$A11)*Parameters!$F$15*(1-Parameters!$H$15)*(1-Parameters!$G$15) -> 1784.0789 | U11: =SUMIFS(COROP!$U$2:$U$41,COROP!$D$2:$D$41,$A11)*Parameters!$F$15*(1-Parameters!$H$15)*(1-Parameters!$G$15) -> 2496.5132 | V11: =W11*Parameters!$B$2 -> 319.88187 | W11: =SUMIFS(COROP!$X$2:$X$41,COROP!$D$2:$D$41,$A11)*Parameters!$B$5+SUMIFS(COROP!$T$2:$T$41,COROP!$D$2:$D$41,$A11)*Parameters!$F$15*Parameters!$H$15 -> 719.73421 | X11: =SUMIFS(COROP!$Y$2:$Y$41,COROP!$D$2:$D$41,$A11)*Parameters!$B$5+SUMIFS(COROP!$U$2:$U$41,COROP!$D$2:$D$41,$A11)*Parameters!$F$15*Parameters!$H$15 -> 795.20241 | Y11: =Parameters!$D$20*SUMIFS(COROP!$AA$2:$AA$41,COROP!$D$2:$D$41,$A11)/SUM(COROP!$AA$2:$AA$41) -> 6053.4359 | Z11: =Parameters!$D$20*SUMIFS(COROP!$AA$2:$AA$41,COROP!$D$2:$D$41,$A11)/SUM(COROP!$AA$2:$AA$41) -> 6053.4359 | AA11: =Parameters!$D$20*SUMIFS(COROP!$AA$2:$AA$41,COROP!$D$2:$D$41,$A11)/SUM(COROP!$AA$2:$AA$41) -> 6053.4359 | AB11: =AC11*Parameters!$B$2 -> 1785.8361 | AC11: =SUMIFS(COROP!$R$2:$R$41,COROP!$D$2:$D$41,$A11)*Parameters!$F$11*(1-Parameters!$H$11)*Parameters!$G$11 -> 4018.1311 | AD11: =SUMIFS(COROP!$S$2:$S$41,COROP!$D$2:$D$41,$A11)*Parameters!$F$11*(1-Parameters!$H$11)*Parameters!$G$11 -> 6420.9836 | AE11: =AF11*Parameters!$B$2 -> 712 | AF11: =SUMIFS(COROP!$R$2:$R$41,COROP!$D$2:$D$41,$A11)*Parameters!$F$11*(1-Parameters!$H$11)*(1-Parameters!$G$11) -> 1602 | AG11: =SUMIFS(COROP!$S$2:$S$41,COROP!$D$2:$D$41,$A11)*Parameters!$F$11*(1-Parameters!$H$11)*(1-Parameters!$G$11) -> 2560 | AH11: =AI11*Parameters!$B$2 -> 1321.0592 | AI11: =SUMIFS(COROP!$V$2:$V$41,COROP!$D$2:$D$41,$A11)*Parameters!$B$5+SUMIFS(COROP!$R$2:$R$41,COROP!$D$2:$D$41,$A11)*Parameters!$F$11*Parameters!$H$11 -> 2972.3832 | AJ11: =SUMIFS(COROP!$W$2:$W$41,COROP!$D$2:$D$41,$A11)*Parameters!$B$5+SUMIFS(COROP!$S$2:$S$41,COROP!$D$2:$D$41,$A11)*Parameters!$F$11*Parameters!$H$11 -> 4298.5559 | AK11: =Parameters!$D$21*SUMIFS(COROP!$Z$2:$Z$41,COROP!$D$2:$D$41,$A11)/SUM(COROP!$Z$2:$Z$41) -> 12317.783 | AL11: =Parameters!$D$21*SUMIFS(COROP!$Z$2:$Z$41,COROP!$D$2:$D$41,$A11)/SUM(COROP!$Z$2:$Z$41) -> 12317.783 | AM11: =Parameters!$D$21*SUMIFS(COROP!$Z$2:$Z$41,COROP!$D$2:$D$41,$A11)/SUM(COROP!$Z$2:$Z$41) -> 12317.783 | AN11: =AO11*Parameters!$B$2 -> 400.81871 | AO11: =SUMIFS(COROP!$T$2:$T$41,COROP!$D$2:$D$41,$A11)*Parameters!$F$14*(1-Parameters!$H$14)*Parameters!$G$14 -> 901.84211 | AP11: =SUMIFS(COROP!$U$2:$U$41,COROP!$D$2:$D$41,$A11)*Parameters!$F$14*(1-Parameters!$H$14)*Parameters!$G$14 -> 1261.9737 | AQ11: =AR11*Parameters!$B$2 -> 531.52047 | AR11: =SUMIFS(COROP!$T$2:$T$41,COROP!$D$2:$D$41,$A11)*Parameters!$F$14*(1-Parameters!$H$14)*(1-Parameters!$G$14) -> 1195.9211 | AS11: =SUMIFS(COROP!$U$2:$U$41,COROP!$D$2:$D$41,$A11)*Parameters!$F$14*(1-Parameters!$H$14)*(1-Parameters!$G$14) -> 1673.4868 | AT11: =AU11*Parameters!$B$2 -> 459.29708 | AU11: =SUMIFS(COROP!$X$2:$X$41,COROP!$D$2:$D$41,$A11)*Parameters!$B$5+SUMIFS(COROP!$T$2:$T$41,COROP!$D$2:$D$41,$A11)*Parameters!$F$14*Parameters!$H$14 -> 1033.4184 | AV11: =SUMIFS(COROP!$Y$2:$Y$41,COROP!$D$2:$D$41,$A11)*Parameters!$B$5+SUMIFS(COROP!$U$2:$U$41,COROP!$D$2:$D$41,$A11)*Parameters!$F$14*Parameters!$H$14 -> 1234.1498 | AW11: =Parameters!$D$22*SUMIFS(COROP!$AA$2:$AA$41,COROP!$D$2:$D$41,$A11)/SUM(COROP!$AA$2:$AA$41) -> 16410 | AX11: =Parameters!$D$22*SUMIFS(COROP!$AA$2:$AA$41,COROP!$D$2:$D$41,$A11)/SUM(COROP!$AA$2:$AA$41) -> 16410 | AY11: =Parameters!$D$22*SUMIFS(COROP!$AA$2:$AA$41,COROP!$D$2:$D$41,$A11)/SUM(COROP!$AA$2:$AA$41) -> 16410
A12: 11 | B12: Limburg | C12: 3 | D12: =E12*Parameters!$B$2 -> 597.08561 | E12: =SUMIFS(COROP!$R$2:$R$41,COROP!$D$2:$D$41,$A12)*Parameters!$F$12*(1-Parameters!$H$12)*Parameters!$G$12 -> 1343.4426 | F12: =SUMIFS(COROP!$S$2:$S$41,COROP!$D$2:$D$41,$A12)*Parameters!$F$12*(1-Parameters!$H$12)*Parameters!$G$12 -> 1713.1148 | G12: =H12*Parameters!$B$2 -> 197.58106 | H12: =SUMIFS(COROP!$R$2:$R$41,COROP!$D$2:$D$41,$A12)*Parameters!$F$12*(1-Parameters!$H$12)*(1-Parameters!$G$12) -> 444.55738 | I12: =SUMIFS(COROP!$S$2:$S$41,COROP!$D$2:$D$41,$A12)*Parameters!$F$12*(1-Parameters!$H$12)*(1-Parameters!$G$12) -> 566.88525 | J12: =K12*Parameters!$B$2 -> 123.1616 | K12: =SUMIFS(COROP!$V$2:$V$41,COROP!$D$2:$D$41,$A12)*Parameters!$B$5+SUMIFS(COROP!$R$2:$R$41,COROP!$D$2:$D$41,$A12)*Parameters!$F$12*Parameters!$H$12 -> 277.1136 | L12: =SUMIFS(COROP!$W$2:$W$41,COROP!$D$2:$D$41,$A12)*Parameters!$B$5+SUMIFS(COROP!$S$2:$S$41,COROP!$D$2:$D$41,$A12)*Parameters!$F$12*Parameters!$H$12 -> 243.32124 | M12: =Parameters!$D$19*SUMIFS(COROP!$Z$2:$Z$41,COROP!$D$2:$D$41,$A12)/SUM(COROP!$Z$2:$Z$41) -> 2243.7321 | N12: =Parameters!$D$19*SUMIFS(COROP!$Z$2:$Z$41,COROP!$D$2:$D$41,$A12)/SUM(COROP!$Z$2:$Z$41) -> 2243.7321 | O12: =Parameters!$D$19*SUMIFS(COROP!$Z$2:$Z$41,COROP!$D$2:$D$41,$A12)/SUM(COROP!$Z$2:$Z$41) -> 2243.7321 | P12: =Q12*Parameters!$B$2 -> 144.47368 | Q12: =SUMIFS(COROP!$T$2:$T$41,COROP!$D$2:$D$41,$A12)*Parameters!$F$15*(1-Parameters!$H$15)*Parameters!$G$15 -> 325.06579 | R12: =SUMIFS(COROP!$U$2:$U$41,COROP!$D$2:$D$41,$A12)*Parameters!$F$15*(1-Parameters!$H$15)*Parameters!$G$15 -> 429.40789 | S12: =T12*Parameters!$B$2 -> 215.52632 | T12: =SUMIFS(COROP!$T$2:$T$41,COROP!$D$2:$D$41,$A12)*Parameters!$F$15*(1-Parameters!$H$15)*(1-Parameters!$G$15) -> 484.93421 | U12: =SUMIFS(COROP!$U$2:$U$41,COROP!$D$2:$D$41,$A12)*Parameters!$F$15*(1-Parameters!$H$15)*(1-Parameters!$G$15) -> 640.59211 | V12: =W12*Parameters!$B$2 -> 35.526316 | W12: =SUMIFS(COROP!$X$2:$X$41,COROP!$D$2:$D$41,$A12)*Parameters!$B$5+SUMIFS(COROP!$T$2:$T$41,COROP!$D$2:$D$41,$A12)*Parameters!$F$15*Parameters!$H$15 -> 79.934211 | X12: =SUMIFS(COROP!$Y$2:$Y$41,COROP!$D$2:$D$41,$A12)*Parameters!$B$5+SUMIFS(COROP!$U$2:$U$41,COROP!$D$2:$D$41,$A12)*Parameters!$F$15*Parameters!$H$15 -> 105.59211 | Y12: =Parameters!$D$20*SUMIFS(COROP!$AA$2:$AA$41,COROP!$D$2:$D$41,$A12)/SUM(COROP!$AA$2:$AA$41) -> 2239.1442 | Z12: =Parameters!$D$20*SUMIFS(COROP!$AA$2:$AA$41,COROP!$D$2:$D$41,$A12)/SUM(COROP!$AA$2:$AA$41) -> 2239.1442 | AA12: =Parameters!$D$20*SUMIFS(COROP!$AA$2:$AA$41,COROP!$D$2:$D$41,$A12)/SUM(COROP!$AA$2:$AA$41) -> 2239.1442 | AB12: =AC12*Parameters!$B$2 -> 332.19672 | AC12: =SUMIFS(COROP!$R$2:$R$41,COROP!$D$2:$D$41,$A12)*Parameters!$F$11*(1-Parameters!$H$11)*Parameters!$G$11 -> 747.44262 | AD12: =SUMIFS(COROP!$S$2:$S$41,COROP!$D$2:$D$41,$A12)*Parameters!$F$11*(1-Parameters!$H$11)*Parameters!$G$11 -> 953.11475 | AE12: =AF12*Parameters!$B$2 -> 132.44444 | AF12: =SUMIFS(COROP!$R$2:$R$41,COROP!$D$2:$D$41,$A12)*Parameters!$F$11*(1-Parameters!$H$11)*(1-Parameters!$G$11) -> 298 | AG12: =SUMIFS(COROP!$S$2:$S$41,COROP!$D$2:$D$41,$A12)*Parameters!$F$11*(1-Parameters!$H$11)*(1-Parameters!$G$11) -> 380 | AH12: =AI12*Parameters!$B$2 -> 157.90113 | AI12: =SUMIFS(COROP!$V$2:$V$41,COROP!$D$2:$D$41,$A12)*Parameters!$B$5+SUMIFS(COROP!$R$2:$R$41,COROP!$D$2:$D$41,$A12)*Parameters!$F$11*Parameters!$H$11 -> 355.27754 | AJ12: =SUMIFS(COROP!$W$2:$W$41,COROP!$D$2:$D$41,$A12)*Parameters!$B$5+SUMIFS(COROP!$S$2:$S$41,COROP!$D$2:$D$41,$A12)*Parameters!$F$11*Parameters!$H$11 -> 342.99337 | AK12: =Parameters!$D$21*SUMIFS(COROP!$Z$2:$Z$41,COROP!$D$2:$D$41,$A12)/SUM(COROP!$Z$2:$Z$41) -> 4551.5709 | AL12: =Parameters!$D$21*SUMIFS(COROP!$Z$2:$Z$41,COROP!$D$2:$D$41,$A12)/SUM(COROP!$Z$2:$Z$41) -> 4551.5709 | AM12: =Parameters!$D$21*SUMIFS(COROP!$Z$2:$Z$41,COROP!$D$2:$D$41,$A12)/SUM(COROP!$Z$2:$Z$41) -> 4551.5709 | AN12: =AO12*Parameters!$B$2 -> 108.94737 | AO12: =SUMIFS(COROP!$T$2:$T$41,COROP!$D$2:$D$41,$A12)*Parameters!$F$14*(1-Parameters!$H$14)*Parameters!$G$14 -> 245.13158 | AP12: =SUMIFS(COROP!$U$2:$U$41,COROP!$D$2:$D$41,$A12)*Parameters!$F$14*(1-Parameters!$H$14)*Parameters!$G$14 -> 323.81579 | AQ12: =AR12*Parameters!$B$2 -> 144.47368 | AR12: =SUMIFS(COROP!$T$2:$T$41,COROP!$D$2:$D$41,$A12)*Parameters!$F$14*(1-Parameters!$H$14)*(1-Parameters!$G$14) -> 325.06579 | AS12: =SUMIFS(COROP!$U$2:$U$41,COROP!$D$2:$D$41,$A12)*Parameters!$F$14*(1-Parameters!$H$14)*(1-Parameters!$G$14) -> 429.40789 | AT12: =AU12*Parameters!$B$2 -> 73.421053 | AU12: =SUMIFS(COROP!$X$2:$X$41,COROP!$D$2:$D$41,$A12)*Parameters!$B$5+SUMIFS(COROP!$T$2:$T$41,COROP!$D$2:$D$41,$A12)*Parameters!$F$14*Parameters!$H$14 -> 165.19737 | AV12: =SUMIFS(COROP!$Y$2:$Y$41,COROP!$D$2:$D$41,$A12)*Parameters!$B$5+SUMIFS(COROP!$U$2:$U$41,COROP!$D$2:$D$41,$A12)*Parameters!$F$14*Parameters!$H$14 -> 218.22368 | AW12: =Parameters!$D$22*SUMIFS(COROP!$AA$2:$AA$41,COROP!$D$2:$D$41,$A12)/SUM(COROP!$AA$2:$AA$41) -> 6070 | AX12: =Parameters!$D$22*SUMIFS(COROP!$AA$2:$AA$41,COROP!$D$2:$D$41,$A12)/SUM(COROP!$AA$2:$AA$41) -> 6070 | AY12: =Parameters!$D$22*SUMIFS(COROP!$AA$2:$AA$41,COROP!$D$2:$D$41,$A12)/SUM(COROP!$AA$2:$AA$41) -> 6070
A13: 12 | B13: Flevoland | C13: 2 | D13: =E13*Parameters!$B$2 -> 1434.6084 | E13: =SUMIFS(COROP!$R$2:$R$41,COROP!$D$2:$D$41,$A13)*Parameters!$F$12*(1-Parameters!$H$12)*Parameters!$G$12 -> 3227.8689 | F13: =SUMIFS(COROP!$S$2:$S$41,COROP!$D$2:$D$41,$A13)*Parameters!$F$12*(1-Parameters!$H$12)*Parameters!$G$12 -> 5256.5574 | G13: =H13*Parameters!$B$2 -> 474.72495 | H13: =SUMIFS(COROP!$R$2:$R$41,COROP!$D$2:$D$41,$A13)*Parameters!$F$12*(1-Parameters!$H$12)*(1-Parameters!$G$12) -> 1068.1311 | I13: =SUMIFS(COROP!$S$2:$S$41,COROP!$D$2:$D$41,$A13)*Parameters!$F$12*(1-Parameters!$H$12)*(1-Parameters!$G$12) -> 1739.4426 | J13: =K13*Parameters!$B$2 -> 413.97946 | K13: =SUMIFS(COROP!$V$2:$V$41,COROP!$D$2:$D$41,$A13)*Parameters!$B$5+SUMIFS(COROP!$R$2:$R$41,COROP!$D$2:$D$41,$A13)*Parameters!$F$12*Parameters!$H$12 -> 931.45378 | L13: =SUMIFS(COROP!$W$2:$W$41,COROP!$D$2:$D$41,$A13)*Parameters!$B$5+SUMIFS(COROP!$S$2:$S$41,COROP!$D$2:$D$41,$A13)*Parameters!$F$12*Parameters!$H$12 -> 1365.8473 | M13: =Parameters!$D$19*SUMIFS(COROP!$Z$2:$Z$41,COROP!$D$2:$D$41,$A13)/SUM(COROP!$Z$2:$Z$41) -> 740.50566 | N13: =Parameters!$D$19*SUMIFS(COROP!$Z$2:$Z$41,COROP!$D$2:$D$41,$A13)/SUM(COROP!$Z$2:$Z$41) -> 740.50566 | O13: =Parameters!$D$19*SUMIFS(COROP!$Z$2:$Z$41,COROP!$D$2:$D$41,$A13)/SUM(COROP!$Z$2:$Z$41) -> 740.50566 | P13: =Q13*Parameters!$B$2 -> 281.81287 | Q13: =SUMIFS(COROP!$T$2:$T$41,COROP!$D$2:$D$41,$A13)*Parameters!$F$15*(1-Parameters!$H$15)*Parameters!$G$15 -> 634.07895 | R13: =SUMIFS(COROP!$U$2:$U$41,COROP!$D$2:$D$41,$A13)*Parameters!$F$15*(1-Parameters!$H$15)*Parameters!$G$15 -> 1007.3026 | S13: =T13*Parameters!$B$2 -> 420.40936 | T13: =SUMIFS(COROP!$T$2:$T$41,COROP!$D$2:$D$41,$A13)*Parameters!$F$15*(1-Parameters!$H$15)*(1-Parameters!$G$15) -> 945.92105 | U13: =SUMIFS(COROP!$U$2:$U$41,COROP!$D$2:$D$41,$A13)*Parameters!$F$15*(1-Parameters!$H$15)*(1-Parameters!$G$15) -> 1502.6974 | V13: =W13*Parameters!$B$2 -> 178.5431 | W13: =SUMIFS(COROP!$X$2:$X$41,COROP!$D$2:$D$41,$A13)*Parameters!$B$5+SUMIFS(COROP!$T$2:$T$41,COROP!$D$2:$D$41,$A13)*Parameters!$F$15*Parameters!$H$15 -> 401.72198 | X13: =SUMIFS(COROP!$Y$2:$Y$41,COROP!$D$2:$D$41,$A13)*Parameters!$B$5+SUMIFS(COROP!$U$2:$U$41,COROP!$D$2:$D$41,$A13)*Parameters!$F$15*Parameters!$H$15 -> 523.47402 | Y13: =Parameters!$D$20*SUMIFS(COROP!$AA$2:$AA$41,COROP!$D$2:$D$41,$A13)/SUM(COROP!$AA$2:$AA$41) -> 793.10708 | Z13: =Parameters!$D$20*SUMIFS(COROP!$AA$2:$AA$41,COROP!$D$2:$D$41,$A13)/SUM(COROP!$AA$2:$AA$41) -> 793.10708 | AA13: =Parameters!$D$20*SUMIFS(COROP!$AA$2:$AA$41,COROP!$D$2:$D$41,$A13)/SUM(COROP!$AA$2:$AA$41) -> 793.10708 | AB13: =AC13*Parameters!$B$2 -> 798.16393 | AC13: =SUMIFS(COROP!$R$2:$R$41,COROP!$D$2:$D$41,$A13)*Parameters!$F$11*(1-Parameters!$H$11)*Parameters!$G$11 -> 1795.8689 | AD13: =SUMIFS(COROP!$S$2:$S$41,COROP!$D$2:$D$41,$A13)*Parameters!$F$11*(1-Parameters!$H$11)*Parameters!$G$11 -> 2924.5574 | AE13: =AF13*Parameters!$B$2 -> 318.22222 | AF13: =SUMIFS(COROP!$R$2:$R$41,COROP!$D$2:$D$41,$A13)*Parameters!$F$11*(1-Parameters!$H$11)*(1-Parameters!$G$11) -> 716 | AG13: =SUMIFS(COROP!$S$2:$S$41,COROP!$D$2:$D$41,$A13)*Parameters!$F$11*(1-Parameters!$H$11)*(1-Parameters!$G$11) -> 1166 | AH13: =AI13*Parameters!$B$2 -> 497.44758 | AI13: =SUMIFS(COROP!$V$2:$V$41,COROP!$D$2:$D$41,$A13)*Parameters!$B$5+SUMIFS(COROP!$R$2:$R$41,COROP!$D$2:$D$41,$A13)*Parameters!$F$11*Parameters!$H$11 -> 1119.2571 | AJ13: =SUMIFS(COROP!$W$2:$W$41,COROP!$D$2:$D$41,$A13)*Parameters!$B$5+SUMIFS(COROP!$S$2:$S$41,COROP!$D$2:$D$41,$A13)*Parameters!$F$11*Parameters!$H$11 -> 1671.6834 | AK13: =Parameters!$D$21*SUMIFS(COROP!$Z$2:$Z$41,COROP!$D$2:$D$41,$A13)/SUM(COROP!$Z$2:$Z$41) -> 1502.1686 | AL13: =Parameters!$D$21*SUMIFS(COROP!$Z$2:$Z$41,COROP!$D$2:$D$41,$A13)/SUM(COROP!$Z$2:$Z$41) -> 1502.1686 | AM13: =Parameters!$D$21*SUMIFS(COROP!$Z$2:$Z$41,COROP!$D$2:$D$41,$A13)/SUM(COROP!$Z$2:$Z$41) -> 1502.1686 | AN13: =AO13*Parameters!$B$2 -> 212.51462 | AO13: =SUMIFS(COROP!$T$2:$T$41,COROP!$D$2:$D$41,$A13)*Parameters!$F$14*(1-Parameters!$H$14)*Parameters!$G$14 -> 478.15789 | AP13: =SUMIFS(COROP!$U$2:$U$41,COROP!$D$2:$D$41,$A13)*Parameters!$F$14*(1-Parameters!$H$14)*Parameters!$G$14 -> 759.60526 | AQ13: =AR13*Parameters!$B$2 -> 281.81287 | AR13: =SUMIFS(COROP!$T$2:$T$41,COROP!$D$2:$D$41,$A13)*Parameters!$F$14*(1-Parameters!$H$14)*(1-Parameters!$G$14) -> 634.07895 | AS13: =SUMIFS(COROP!$U$2:$U$41,COROP!$D$2:$D$41,$A13)*Parameters!$F$14*(1-Parameters!$H$14)*(1-Parameters!$G$14) -> 1007.3026 | AT13: =AU13*Parameters!$B$2 -> 252.46123 | AU13: =SUMIFS(COROP!$X$2:$X$41,COROP!$D$2:$D$41,$A13)*Parameters!$B$5+SUMIFS(COROP!$T$2:$T$41,COROP!$D$2:$D$41,$A13)*Parameters!$F$14*Parameters!$H$14 -> 568.03777 | AV13: =SUMIFS(COROP!$Y$2:$Y$41,COROP!$D$2:$D$41,$A13)*Parameters!$B$5+SUMIFS(COROP!$U$2:$U$41,COROP!$D$2:$D$41,$A13)*Parameters!$F$14*Parameters!$H$14 -> 787.68454 | AW13: =Parameters!$D$22*SUMIFS(COROP!$AA$2:$AA$41,COROP!$D$2:$D$41,$A13)/SUM(COROP!$AA$2:$AA$41) -> 2150 | AX13: =Parameters!$D$22*SUMIFS(COROP!$AA$2:$AA$41,COROP!$D$2:$D$41,$A13)/SUM(COROP!$AA$2:$AA$41) -> 2150 | AY13: =Parameters!$D$22*SUMIFS(COROP!$AA$2:$AA$41,COROP!$D$2:$D$41,$A13)/SUM(COROP!$AA$2:$AA$41) -> 2150
A15: Total | D15: =SUM(D2:D13) -> 17359.563 | E15: =SUM(E2:E13) -> 39059.016 | F15: =SUM(F2:F13) -> 66748.361 | G15: =SUM(G2:G13) -> 5744.4372 | H15: =SUM(H2:H13) -> 12924.984 | I15: =SUM(I2:I13) -> 22087.639 | J15: =SUM(J2:J13) -> 7823.9821 | K15: =SUM(K2:K13) -> 17603.96 | ... AY15: =SUM(AY2:AY13) -> 94880

Sheet Residential
A1: prvnr | B1: Province | C1: A1_2030 | D1: A1_2040 | E1: A1_2050 | F1: A1_Policy_2030 | G1: A1_Policy_2040 | H1: A1_Policy_2050 | I1: A2_2030 | J1: A2_2040 | K1: A2_2050 | L1: B1_2030 | M1: B1_2040 | N1: B1_2050 | O1: B2_2030 | P1: B2_2040 | Q1: B2_2050
A2: 1 | B2: Groningen | C2: =Province!D2 -> 569.03461 | D2: =Province!E2 -> 1280.3279 | E2: =Province!F2 -> 1686.0656 | F2: =Province!D2 -> 569.03461 | G2: =Province!E2 -> 1280.3279 | H2: =Province!F2 -> 1686.0656 | I2: =Province!P2 -> 149.82456 | J2: =Province!Q2 -> 337.10526 | K2: =Province!R2 -> 509.67105 | L2: =Province!AB2 -> 316.59016 | M2: =Province!AC2 -> 712.32787 | N2: =Province!AD2 -> 938.06557 | O2: =Province!AN2 -> 112.98246 | P2: =Province!AO2 -> 254.21053 | Q2: =Province!AP2 -> 384.34211
A3: 2 | B3: Friesland | C3: =Province!D3 -> 665.20947 | D3: =Province!E3 -> 1496.7213 | E3: =Province!F3 -> 2281.1475 | F3: =Province!D3 -> 665.20947 | G3: =Province!E3 -> 1496.7213 | H3: =Province!F3 -> 2281.1475 | I3: =Province!P3 -> 239.00585 | J3: =Province!Q3 -> 537.76316 | K3: =Province!R3 -> 995.26316 | L3: =Province!AB3 -> 370.09836 | M3: =Province!AC3 -> 832.72131 | N3: =Province!AD3 -> 1269.1475 | O3: =Province!AN3 -> 180.23392 | P3: =Province!AO3 -> 405.52632 | Q3: =Province!AP3 -> 750.52632
A4: 3 | B4: Drenthe | C4: =Province!D4 -> 597.08561 | D4: =Province!E4 -> 1343.4426 | E4: =Province!F4 -> 1956.5574 | F4: =Province!D4 -> 597.08561 | G4: =Province!E4 -> 1343.4426 | H4: =Province!F4 -> 1956.5574 | I4: =Province!P4 -> 190.84795 | J4: =Province!Q4 -> 429.40789 | K4: =Province!R4 -> 686.25 | L4: =Province!AB4 -> 332.19672 | M4: =Province!AC4 -> 747.44262 | N4: =Province!AD4 -> 1088.5574 | O4: =Province!AN4 -> 143.91813 | P4: =Province!AO4 -> 323.81579 | Q4: =Province!AP4 -> 517.5
A5: 4 | B5: Overijssel | C5: =Province!D5 -> 1134.0619 | D5: =Province!E5 -> 2551.6393 | E5: =Province!F5 -> 4129.5082 | F5: =Province!D5 -> 1134.0619 | G5: =Province!E5 -> 2551.6393 | H5: =Province!F5 -> 4129.5082 | I5: =Province!P5 -> 328.18713 | J5: =Province!Q5 -> 738.42105 | K5: =Province!R5 -> 1135.7237 | L5: =Province!AB5 -> 630.95082 | M5: =Province!AC5 -> 1419.6393 | N5: =Province!AD5 -> 2297.5082 | O5: =Province!AN5 -> 247.48538 | P5: =Province!AO5 -> 556.84211 | Q5: =Province!AP5 -> 856.44737
A6: 5 | B6: Gelderland | C6: =Province!D6 -> 2135.8834 | D6: =Province!E6 -> 4805.7377 | E6: =Province!F6 -> 9097.541 | F6: =Province!D6 -> 2135.8834 | G6: =Province!E6 -> 4805.7377 | H6: =Province!F6 -> 9097.541 | I6: =Province!P6 -> 328.18713 | J6: =Province!Q6 -> 738.42105 | K6: =Province!R6 -> 1272.1711 | L6: =Province!AB6 -> 1188.3279 | M6: =Province!AC6 -> 2673.7377 | N6: =Province!AD6 -> 5061.541 | O6: =Province!AN6 -> 247.48538 | P6: =Province!AO6 -> 556.84211 | Q6: =Province!AP6 -> 959.34211
A7: 6 | B7: Utrecht | C7: =Province!D7 -> 1482.6958 | D7: =Province!E7 -> 3336.0656 | E7: =Province!F7 -> 6897.541 | F7: =Province!D7 -> 1482.6958 | G7: =Province!E7 -> 3336.0656 | H7: =Province!F7 -> 6897.541 | I7: =Province!P7 -> 258.62573 | J7: =Province!Q7 -> 581.90789 | K7: =Province!R7 -> 838.75 | L7: =Province!AB7 -> 824.91803 | M7: =Province!AC7 -> 1856.0656 | N7: =Province!AD7 -> 3837.541 | O7: =Province!AN7 -> 195.02924 | P7: =Province!AO7 -> 438.81579 | Q7: =Province!AP7 -> 632.5
A8: 7 | B8: Noord-Holland | C8: =Province!D8 -> 2171.949 | D8: =Province!E8 -> 4886.8852 | E8: =Province!F8 -> 7880.3279 | F8: =Province!D8 -> 2171.949 | G8: =Province!E8 -> 4886.8852 | H8: =Province!F8 -> 7880.3279 | I8: =Province!P8 -> 424.50292 | J8: =Province!Q8 -> 955.13158 | K8: =Province!R8 -> 1392.5658 | L8: =Province!AB8 -> 1208.3934 | M8: =Province!AC8 -> 2718.8852 | N8: =Province!AD8 -> 4384.3279 | O8: =Province!AN8 -> 320.11696 | P8: =Province!AO8 -> 720.26316 | Q8: =Province!AP8 -> 1050.1316
A9: 8 | B9: Zuid-Holland | C9: =Province!D9 -> 3101.6393 | D9: =Province!E9 -> 6978.6885 | E9: =Province!F9 -> 13443.443 | F9: =Province!D9 -> 3101.6393 | G9: =Province!E9 -> 6978.6885 | H9: =Province!F9 -> 13443.443 | I9: =Province!P9 -> 583.24561 | J9: =Province!Q9 -> 1312.3026 | K9: =Province!R9 -> 2283.4868 | L9: =Province!AB9 -> 1725.6393 | M9: =Province!AC9 -> 3882.6885 | N9: =Province!AD9 -> 7479.4426 | O9: =Province!AN9 -> 439.82456 | P9: =Province!AO9 -> 989.60526 | Q9: =Province!AP9 -> 1721.9737
A10: 9 | B10: Zeeland | C10: =Province!D10 -> 260.47359 | D10: =Province!E10 -> 586.06557 | E10: =Province!F10 -> 865.57377 | F10: =Province!D10 -> 260.47359 | G10: =Province!E10 -> 586.06557 | H10: =Province!F10 -> 865.57377 | I10: =Province!P10 -> 64.210526 | J10: =Province!Q10 -> 144.47368 | K10: =Province!R10 -> 393.28947 | L10: =Province!AB10 -> 144.91803 | M10: =Province!AC10 -> 326.06557 | N10: =Province!AD10 -> 481.57377 | O10: =Province!AN10 -> 48.421053 | P10: =Province!AO10 -> 108.94737 | Q10: =Province!AP10 -> 296.57895
A11: 10 | B11: Noord-Brabant | C11: =Province!D11 -> 3209.8361 | D11: =Province!E11 -> 7222.1311 | E11: =Province!F11 -> 11540.984 | F11: =Province!D11 -> 3209.8361 | G11: =Province!E11 -> 7222.1311 | H11: =Province!F11 -> 11540.984 | I11: =Province!P11 -> 531.52047 | J11: =Province!Q11 -> 1195.9211 | K11: =Province!R11 -> 1673.4868 | L11: =Province!AB11 -> 1785.8361 | M11: =Province!AC11 -> 4018.1311 | N11: =Province!AD11 -> 6420.9836 | O11: =Province!AN11 -> 400.81871 | P11: =Province!AO11 -> 901.84211 | Q11: =Province!AP11 -> 1261.9737
A12: 11 | B12: Limburg | C12: =Province!D12 -> 597.08561 | D12: =Province!E12 -> 1343.4426 | E12: =Province!F12 -> 1713.1148 | F12: =Province!D12 -> 597.08561 | G12: =Province!E12 -> 1343.4426 | H12: =Province!F12 -> 1713.1148 | I12: =Province!P12 -> 144.47368 | J12: =Province!Q12 -> 325.06579 | K12: =Province!R12 -> 429.40789 | L12: =Province!AB12 -> 332.19672 | M12: =Province!AC12 -> 747.44262 | N12: =Province!AD12 -> 953.11475 | O12: =Province!AN12 -> 108.94737 | P12: =Province!AO12 -> 245.13158 | Q12: =Province!AP12 -> 323.81579
A13: 12 | B13: Flevoland | C13: =Province!D13 -> 1434.6084 | D13: =Province!E13 -> 3227.8689 | E13: =Province!F13 -> 5256.5574 | F13: =Province!D13 -> 1434.6084 | G13: =Province!E13 -> 3227.8689 | H13: =Province!F13 -> 5256.5574 | I13: =Province!P13 -> 281.81287 | J13: =Province!Q13 -> 634.07895 | K13: =Province!R13 -> 1007.3026 | L13: =Province!AB13 -> 798.16393 | M13: =Province!AC13 -> 1795.8689 | N13: =Province!AD13 -> 2924.5574 | O13: =Province!AN13 -> 212.51462 | P13: =Province!AO13 -> 478.15789 | Q13: =Province!AP13 -> 759.60526

Sheet Industrial
A1: prvnr | B1: Province | C1: A1_2030 | D1: A1_2040 | E1: A1_2050 | F1: A1_Policy_2030 | G1: A1_Policy_2040 | H1: A1_Policy_2050 | I1: A2_2030 | J1: A2_2040 | K1: A2_2050 | L1: B1_2030 | M1: B1_2040 | N1: B1_2050 | O1: B2_2030 | P1: B2_2040 | Q1: B2_2050
A2: 1 | B2: Groningen | C2: =Province!G2 -> 188.29872 | D2: =Province!H2 -> 423.67213 | E2: =Province!I2 -> 557.93443 | F2: =Province!G2 -> 188.29872 | G2: =Province!H2 -> 423.67213 | H2: =Province!I2 -> 557.93443 | I2: =Province!S2 -> 223.50877 | J2: =Province!T2 -> 502.89474 | K2: =Province!U2 -> 760.32895 | L2: =Province!AE2 -> 126.22222 | M2: =Province!AF2 -> 284 | N2: =Province!AG2 -> 374 | O2: =Province!AQ2 -> 149.82456 | P2: =Province!AR2 -> 337.10526 | Q2: =Province!AS2 -> 509.67105
A3: 2 | B3: Friesland | C3: =Province!G3 -> 220.12386 | D3: =Province!H3 -> 495.27869 | E3: =Province!I3 -> 754.85246 | F3: =Province!G3 -> 220.12386 | G3: =Province!H3 -> 495.27869 | H3: =Province!I3 -> 754.85246 | I3: =Province!S3 -> 356.54971 | J3: =Province!T3 -> 802.23684 | K3: =Province!U3 -> 1484.7368 | L3: =Province!AE3 -> 147.55556 | M3: =Province!AF3 -> 332 | N3: =Province!AG3 -> 506 | O3: =Province!AQ3 -> 239.00585 | P3: =Province!AR3 -> 537.76316 | Q3: =Province!AS3 -> 995.26316
A4: 3 | B4: Drenthe | C4: =Province!G4 -> 197.58106 | D4: =Province!H4 -> 444.55738 | E4: =Province!I4 -> 647.44262 | F4: =Province!G4 -> 197.58106 | G4: =Province!H4 -> 444.55738 | H4: =Province!I4 -> 647.44262 | I4: =Province!S4 -> 284.7076 | J4: =Province!T4 -> 640.59211 | K4: =Province!U4 -> 1023.75 | L4: =Province!AE4 -> 132.44444 | M4: =Province!AF4 -> 298 | N4: =Province!AG4 -> 434 | O4: =Province!AQ4 -> 190.84795 | P4: =Province!AR4 -> 429.40789 | Q4: =Province!AS4 -> 686.25
A5: 4 | B5: Overijssel | C5: =Province!G5 -> 375.2714 | D5: =Province!H5 -> 844.36066 | E5: =Province!I5 -> 1366.4918 | F5: =Province!G5 -> 375.2714 | G5: =Province!H5 -> 844.36066 | H5: =Province!I5 -> 1366.4918 | I5: =Province!S5 -> 489.59064 | J5: =Province!T5 -> 1101.5789 | K5: =Province!U5 -> 1694.2763 | L5: =Province!AE5 -> 251.55556 | M5: =Province!AF5 -> 566 | N5: =Province!AG5 -> 916 | O5: =Province!AQ5 -> 328.18713 | P5: =Province!AR5 -> 738.42105 | Q5: =Province!AS5 -> 1135.7237
A6: 5 | B6: Gelderland | C6: =Province!G6 -> 706.78324 | D6: =Province!H6 -> 1590.2623 | E6: =Province!I6 -> 3010.459 | F6: =Province!G6 -> 706.78324 | G6: =Province!H6 -> 1590.2623 | H6: =Province!I6 -> 3010.459 | I6: =Province!S6 -> 489.59064 | J6: =Province!T6 -> 1101.5789 | K6: =Province!U6 -> 1897.8289 | L6: =Province!AE6 -> 473.77778 | M6: =Province!AF6 -> 1066 | N6: =Province!AG6 -> 2018 | O6: =Province!AQ6 -> 328.18713 | P6: =Province!AR6 -> 738.42105 | Q6: =Province!AS6 -> 1272.1711
A7: 6 | B7: Utrecht | C7: =Province!G7 -> 490.63752 | D7: =Province!H7 -> 1103.9344 | E7: =Province!I7 -> 2282.459 | F7: =Province!G7 -> 490.63752 | G7: =Province!H7 -> 1103.9344 | H7: =Province!I7 -> 2282.459 | I7: =Province!S7 -> 385.81871 | J7: =Province!T7 -> 868.09211 | K7: =Province!U7 -> 1251.25 | L7: =Province!AE7 -> 328.88889 | M7: =Province!AF7 -> 740 | N7: =Province!AG7 -> 1530 | O7: =Province!AQ7 -> 258.62573 | P7: =Province!AR7 -> 581.90789 | Q7: =Province!AS7 -> 838.75
A8: 7 | B8: Noord-Holland | C8: =Province!G8 -> 718.71767 | D8: =Province!H8 -> 1617.1148 | E8: =Province!I8 -> 2607.6721 | F8: =Province!G8 -> 718.71767 | G8: =Province!H8 -> 1617.1148 | H8: =Province!I8 -> 2607.6721 | I8: =Province!S8 -> 633.27485 | J8: =Province!T8 -> 1424.8684 | K8: =Province!U8 -> 2077.4342 | L8: =Province!AE8 -> 481.77778 | M8: =Province!AF8 -> 1084 | N8: =Province!AG8 -> 1748 | O8: =Province!AQ8 -> 424.50292 | P8: =Province!AR8 -> 955.13158 | Q8: =Province!AS8 -> 1392.5658
A9: 8 | B9: Zuid-Holland | C9: =Province!G9 -> 1026.3607 | D9: =Province!H9 -> 2309.3115 | E9: =Province!I9 -> 4448.5574 | F9: =Province!G9 -> 1026.3607 | G9: =Province!H9 -> 2309.3115 | H9: =Province!I9 -> 4448.5574 | I9: =Province!S9 -> 870.08772 | J9: =Province!T9 -> 1957.6974 | K9: =Province!U9 -> 3406.5132 | L9: =Province!AE9 -> 688 | M9: =Province!AF9 -> 1548 | N9: =Province!AG9 -> 2982 | O9: =Province!AQ9 -> 583.24561 | P9: =Province!AR9 -> 1312.3026 | Q9: =Province!AS9 -> 2283.4868
A10: 9 | B10: Zeeland | C10: =Province!G10 -> 86.193078 | D10: =Province!H10 -> 193.93443 | E10: =Province!I10 -> 286.42623 | F10: =Province!G10 -> 86.193078 | G10: =Province!H10 -> 193.93443 | H10: =Province!I10 -> 286.42623 | I10: =Province!S10 -> 95.789474 | J10: =Province!T10 -> 215.52632 | K10: =Province!U10 -> 586.71053 | L10: =Province!AE10 -> 57.777778 | M10: =Province!AF10 -> 130 | N10: =Province!AG10 -> 192 | O10: =Province!AQ10 -> 64.210526 | P10: =Province!AR10 -> 144.47368 | Q10: =Province!AS10 -> 393.28947
A11: 10 | B11: Noord-Brabant | C11: =Province!G11 -> 1062.1639 | D11: =Province!H11 -> 2389.8689 | E11: =Province!I11 -> 3819.0164 | F11: =Province!G11 -> 1062.1639 | G11: =Province!H11 -> 2389.8689 | H11: =Province!I11 -> 3819.0164 | I11: =Province!S11 -> 792.92398 | J11: =Province!T11 -> 1784.0789 | K11: =Province!U11 -> 2496.5132 | L11: =Province!AE11 -> 712 | M11: =Province!AF11 -> 1602 | N11: =Province!AG11 -> 2560 | O11: =Province!AQ11 -> 531.52047 | P11: =Province!AR11 -> 1195.9211 | Q11: =Province!AS11 -> 1673.4868
A12: 11 | B12: Limburg | C12: =Province!G12 -> 197.58106 | D12: =Province!H12 -> 444.55738 | E12: =Province!I12 -> 566.88525 | F12: =Province!G12 -> 197.58106 | G12: =Province!H12 -> 444.55738 | H12: =Province!I12 -> 566.88525 | I12: =Province!S12 -> 215.52632 | J12: =Province!T12 -> 484.93421 | K12: =Province!U12 -> 640.59211 | L12: =Province!AE12 -> 132.44444 | M12: =Province!AF12 -> 298 | N12: =Province!AG12 -> 380 | O12: =Province!AQ12 -> 144.47368 | P12: =Province!AR12 -> 325.06579 | Q12: =Province!AS12 -> 429.40789
A13: 12 | B13: Flevoland | C13: =Province!G13 -> 474.72495 | D13: =Province!H13 -> 1068.1311 | E13: =Province!I13 -> 1739.4426 | F13: =Province!G13 -> 474.72495 | G13: =Province!H13 -> 1068.1311 | H13: =Province!I13 -> 1739.4426 | I13: =Province!S13 -> 420.40936 | J13: =Province!T13 -> 945.92105 | K13: =Province!U13 -> 1502.6974 | L13: =Province!AE13 -> 318.22222 | M13: =Province!AF13 -> 716 | N13: =Province!AG13 -> 1166 | O13: =Province!AQ13 -> 281.81287 | P13: =Province!AR13 -> 634.07895 | Q13: =Province!AS13 -> 1007.3026

Sheet Recreation
A1: prvnr | B1: Province | C1: A1_2030 | D1: A1_2040 | E1: A1_2050 | F1: A1_Policy_2030 | G1: A1_Policy_2040 | H1: A1_Policy_2050 | I1: A2_2030 | J1: A2_2040 | K1: A2_2050 | L1: B1_2030 | M1: B1_2040 | N1: B1_2050 | O1: B2_2030 | P1: B2_2040 | Q1: B2_2050
A2: 1 | B2: Groningen | C2: =Province!J2 -> 214.88935 | D2: =Province!K2 -> 483.50104 | E2: =Province!L2 -> 613.54479 | F2: =Province!J2 -> 214.88935 | G2: =Province!K2 -> 483.50104 | H2: =Province!L2 -> 613.54479 | I2: =Province!V2 -> 146.08696 | J2: =Province!W2 -> 328.69566 | K2: =Province!X2 -> 347.14929 | L2: =Province!AH2 -> 247.99682 | M2: =Province!AI2 -> 557.99284 | N2: =Province!AJ2 -> 711.64315 | O2: =Province!AT2 -> 185.38521 | P2: =Province!AU2 -> 417.11672 | Q2: =Province!AV2 -> 480.83351
A3: 2 | B3: Friesland | C3: =Province!J3 -> 105.56138 | D3: =Province!K3 -> 237.5131 | E3: =Province!L3 -> 328.26114 | F3: =Province!J3 -> 105.56138 | G3: =Province!K3 -> 237.5131 | H3: =Province!L3 -> 328.26114 | I3: =Province!V3 -> 72.094473 | J3: =Province!W3 -> 162.21256 | K3: =Province!X3 -> 262.72228 | L3: =Province!AH3 -> 144.26448 | M3: =Province!AI3 -> 324.59507 | N3: =Province!AJ3 -> 460.98245 | O3: =Province!AT3 -> 134.78453 | P3: =Province!AU3 -> 303.2652 | Q3: =Province!AV3 -> 523.77491
A4: 3 | B4: Drenthe | C4: =Province!J4 -> 64.54241 | D4: =Province!K4 -> 145.22042 | E4: =Province!L4 -> 214.63391 | F4: =Province!J4 -> 64.54241 | G4: =Province!K4 -> 145.22042 | H4: =Province!L4 -> 214.63391 | I4: =Province!V4 -> 46.929825 | J4: =Province!W4 -> 105.59211 | K4: =Province!X4 -> 168.75 | L4: =Province!AH4 -> 99.281937 | M4: =Province!AI4 -> 223.38436 | N4: =Province!AJ4 -> 328.46998 | O4: =Province!AT4 -> 96.988304 | P4: =Province!AU4 -> 218.22368 | Q4: =Province!AV4 -> 348.75
A5: 4 | B5: Overijssel | C5: =Province!J5 -> 251.03804 | D5: =Province!K5 -> 564.83559 | E5: =Province!L5 -> 842.74579 | F5: =Province!J5 -> 251.03804 | G5: =Province!K5 -> 564.83559 | H5: =Province!L5 -> 842.74579 | I5: =Province!V5 -> 136.65644 | J5: =Province!W5 -> 307.47698 | K5: =Province!X5 -> 435.15007 | L5: =Province!AH5 -> 317.01982 | M5: =Province!AI5 -> 713.29461 | N5: =Province!AJ5 -> 1083.0081 | O5: =Province!AT5 -> 222.73831 | P5: =Province!AU5 -> 501.16119 | Q5: =Province!AV5 -> 733.04481
A6: 5 | B6: Gelderland | C6: =Province!J6 -> 779.96539 | D6: =Province!K6 -> 1754.9221 | E6: =Province!L6 -> 2654.4815 | F6: =Province!J6 -> 779.96539 | G6: =Province!K6 -> 1754.9221 | H6: =Province!L6 -> 2654.4815 | I6: =Province!V6 -> 325.83655 | J6: =Province!W6 -> 733.13224 | K6: =Province!X6 -> 798.43565 | L6: =Province!AH6 -> 904.23497 | M6: =Province!AI6 -> 2034.5287 | N6: =Province!AJ6 -> 3183.793 | O6: =Province!AT6 -> 411.91842 | P6: =Province!AU6 -> 926.81645 | Q6: =Province!AV6 -> 1132.1199
A7: 6 | B7: Utrecht | C7: =Province!J7 -> 933.51709 | D7: =Province!K7 -> 2100.4135 | E7: =Province!L7 -> 3253.8989 | F7: =Province!J7 -> 933.51709 | G7: =Province!K7 -> 2100.4135 | H7: =Province!L7 -> 3253.8989 | I7: =Province!V7 -> 436.62771 | J7: =Province!W7 -> 982.41234 | K7: =Province!X7 -> 1105.5217 | L7: =Province!AH7 -> 1019.783 | M7: =Province!AI7 -> 2294.5118 | N7: =Province!AJ7 -> 3655.2104 | O7: =Province!AT7 -> 504.46396 | P7: =Province!AU7 -> 1135.0439 | Q7: =Province!AV7 -> 1325.5217
A8: 7 | B8: Noord-Holland | C8: =Province!J8 -> 1821.091 | D8: =Province!K8 -> 4097.4547 | E8: =Province!L8 -> 5519.7138 | F8: =Province!J8 -> 1821.091 | G8: =Province!K8 -> 4097.4547 | H8: =Province!L8 -> 5519.7138 | I8: =Province!V8 -> 1042.293 | J8: =Province!W8 -> 2345.1593 | K8: =Province!X8 -> 2662.5551 | L8: =Province!AH8 -> 1947.4589 | M8: =Province!AI8 -> 4381.7826 | N8: =Province!AJ8 -> 5978.2056 | O8: =Province!AT8 -> 1153.638 | P8: =Province!AU8 -> 2595.6856 | Q8: =Province!AV8 -> 3027.8183
A9: 8 | B9: Zuid-Holland | C9: =Province!J9 -> 1917.098 | D9: =Province!K9 -> 4313.4705 | E9: =Province!L9 -> 6152.8893 | F9: =Province!J9 -> 1917.098 | G9: =Province!K9 -> 4313.4705 | H9: =Province!L9 -> 6152.8893 | I9: =Province!V9 -> 1060.012 | J9: =Province!W9 -> 2385.0271 | K9: =Province!X9 -> 2713.77 | L9: =Province!AH9 -> 2097.557 | M9: =Province!AI9 -> 4719.5033 | N9: =Province!AJ9 -> 6935.0533 | O9: =Province!AT9 -> 1212.9945 | P9: =Province!AU9 -> 2729.2376 | Q9: =Province!AV9 -> 3312.7174
A10: 9 | B10: Zeeland | C10: =Province!J10 -> 64.833315 | D10: =Province!K10 -> 145.87496 | E10: =Province!L10 -> 161.12086 | F10: =Province!J10 -> 64.833315 | G10: =Province!K10 -> 145.87496 | H10: =Province!L10 -> 161.12086 | I10: =Province!V10 -> 15.789474 | J10: =Province!W10 -> 35.526316 | K10: =Province!X10 -> 96.710526 | L10: =Province!AH10 -> 79.988142 | M10: =Province!AI10 -> 179.97332 | N10: =Province!AJ10 -> 211.48152 | O10: =Province!AT10 -> 32.631579 | P10: =Province!AU10 -> 73.421053 | Q10: =Province!AV10 -> 199.86842
A11: 10 | B11: Noord-Brabant | C11: =Province!J11 -> 1134.3051 | D11: =Province!K11 -> 2552.1865 | E11: =Province!L11 -> 3627.0805 | F11: =Province!J11 -> 1134.3051 | G11: =Province!K11 -> 2552.1865 | H11: =Province!L11 -> 3627.0805 | I11: =Province!V11 -> 319.88187 | J11: =Province!W11 -> 719.73421 | K11: =Province!X11 -> 795.20241 | L11: =Province!AH11 -> 1321.0592 | M11: =Province!AI11 -> 2972.3832 | N11: =Province!AJ11 -> 4298.5559 | O11: =Province!AT11 -> 459.29708 | P11: =Province!AU11 -> 1033.4184 | Q11: =Province!AV11 -> 1234.1498
A12: 11 | B12: Limburg | C12: =Province!J12 -> 123.1616 | D12: =Province!K12 -> 277.1136 | E12: =Province!L12 -> 243.32124 | F12: =Province!J12 -> 123.1616 | G12: =Province!K12 -> 277.1136 | H12: =Province!L12 -> 243.32124 | I12: =Province!V12 -> 35.526316 | J12: =Province!W12 -> 79.934211 | K12: =Province!X12 -> 105.59211 | L12: =Province!AH12 -> 157.90113 | M12: =Province!AI12 -> 355.27754 | N12: =Province!AJ12 -> 342.99337 | O12: =Province!AT12 -> 73.421053 | P12: =Province!AU12 -> 165.19737 | Q12: =Province!AV12 -> 218.22368
A13: 12 | B13: Flevoland | C13: =Province!J13 -> 413.97946 | D13: =Province!K13 -> 931.45378 | E13: =Province!L13 -> 1365.8473 | F13: =Province!J13 -> 413.97946 | G13: =Province!K13 -> 931.45378 | H13: =Province!L13 -> 1365.8473 | I13: =Province!V13 -> 178.5431 | J13: =Province!W13 -> 401.72198 | K13: =Province!X13 -> 523.47402 | L13: =Province!AH13 -> 497.44758 | M13: =Province!AI13 -> 1119.2571 | N13: =Province!AJ13 -> 1671.6834 | O13: =Province!AT13 -> 252.46123 | P13: =Province!AU13 -> 568.03777 | Q13: =Province!AV13 -> 787.68454

Sheet Nature
A1: prvnr | B1: Province | C1: A1_2030 | D1: A1_2040 | E1: A1_2050 | F1: A1_Policy_2030 | G1: A1_Policy_2040 | H1: A1_Policy_2050 | I1: A2_2030 | J1: A2_2040 | K1: A2_2050 | L1: B1_2030 | M1: B1_2040 | N1: B1_2050 | O1: B2_2030 | P1: B2_2040 | Q1: B2_2050
A2: 1 | B2: Groningen | C2: =Province!M2 -> 1595.7897 | D2: =Province!N2 -> 1595.7897 | E2: =Province!O2 -> 1595.7897 | F2: =Province!M2 -> 1595.7897 | G2: =Province!N2 -> 1595.7897 | H2: =Province!O2 -> 1595.7897 | I2: =Province!Y2 -> 1589.903 | J2: =Province!Z2 -> 1589.903 | K2: =Province!AA2 -> 1589.903 | L2: =Province!AK2 -> 3237.1734 | M2: =Province!AL2 -> 3237.1734 | N2: =Province!AM2 -> 3237.1734 | O2: =Province!AW2 -> 4310 | P2: =Province!AX2 -> 4310 | Q2: =Province!AY2 -> 4310
A3: 2 | B3: Friesland | C3: =Province!M3 -> 2669.5229 | D3: =Province!N3 -> 2669.5229 | E3: =Province!O3 -> 2669.5229 | F3: =Province!M3 -> 2669.5229 | G3: =Province!N3 -> 2669.5229 | H3: =Province!O3 -> 2669.5229 | I3: =Province!Y3 -> 2655.9865 | J3: =Province!Z3 -> 2655.9865 | K3: =Province!AA3 -> 2655.9865 | L3: =Province!AK3 -> 5415.3179 | M3: =Province!AL3 -> 5415.3179 | N3: =Province!AM3 -> 5415.3179 | O3: =Province!AW3 -> 7200 | P3: =Province!AX3 -> 7200 | Q3: =Province!AY3 -> 7200
A4: 3 | B4: Drenthe | C4: =Province!M4 -> 2765.7886 | D4: =Province!N4 -> 2765.7886 | E4: =Province!O4 -> 2765.7886 | F4: =Province!M4 -> 2765.7886 | G4: =Province!N4 -> 2765.7886 | H4: =Province!O4 -> 2765.7886 | I4: =Province!Y4 -> 2762.9637 | J4: =Province!Z4 -> 2762.9637 | K4: =Province!AA4 -> 2762.9637 | L4: =Province!AK4 -> 5610.5998 | M4: =Province!AL4 -> 5610.5998 | N4: =Province!AM4 -> 5610.5998 | O4: =Province!AW4 -> 7490 | P4: =Province!AX4 -> 7490 | Q4: =Province!AY4 -> 7490
A5: 4 | B5: Overijssel | C5: =Province!M5 -> 2788.0038 | D5: =Province!N5 -> 2788.0038 | E5: =Province!O5 -> 2788.0038 | F5: =Province!M5 -> 2788.0038 | G5: =Province!N5 -> 2788.0038 | H5: =Province!O5 -> 2788.0038 | I5: =Province!Y5 -> 2785.097 | J5: =Province!Z5 -> 2785.097 | K5: =Province!AA5 -> 2785.097 | L5: =Province!AK5 -> 5655.6649 | M5: =Province!AL5 -> 5655.6649 | N5: =Province!AM5 -> 5655.6649 | O5: =Province!AW5 -> 7550 | P5: =Province!AX5 -> 7550 | Q5: =Province!AY5 -> 7550
A6: 5 | B6: Gelderland | C6: =Province!M6 -> 4502.2744 | D6: =Province!N6 -> 4502.2744 | E6: =Province!O6 -> 4502.2744 | F6: =Province!M6 -> 4502.2744 | G6: =Province!N6 -> 4502.2744 | H6: =Province!O6 -> 4502.2744 | I6: =Province!Y6 -> 4518.8659 | J6: =Province!Z6 -> 4518.8659 | K6: =Province!AA6 -> 4518.8659 | L6: =Province!AK6 -> 9133.1852 | M6: =Province!AL6 -> 9133.1852 | N6: =Province!AM6 -> 9133.1852 | O6: =Province!AW6 -> 12250 | P6: =Province!AX6 -> 12250 | Q6: =Province!AY6 -> 12250
A7: 6 | B7: Utrecht | C7: =Province!M7 -> 1240.347 | D7: =Province!N7 -> 1240.347 | E7: =Province!O7 -> 1240.347 | F7: =Province!M7 -> 1240.347 | G7: =Province!N7 -> 1240.347 | H7: =Province!O7 -> 1240.347 | I7: =Province!Y7 -> 1254.2159 | J7: =Province!Z7 -> 1254.2159 | K7: =Province!AA7 -> 1254.2159 | L7: =Province!AK7 -> 2516.1324 | M7: =Province!AL7 -> 2516.1324 | N7: =Province!AM7 -> 2516.1324 | O7: =Province!AW7 -> 3400 | P7: =Province!AX7 -> 3400 | Q7: =Province!AY7 -> 3400
A8: 7 | B8: Noord-Holland | C8: =Province!M8 -> 5361.261 | D8: =Province!N8 -> 5361.261 | E8: =Province!O8 -> 5361.261 | F8: =Province!M8 -> 5361.261 | G8: =Province!N8 -> 5361.261 | H8: =Province!O8 -> 5361.261 | I8: =Province!Y8 -> 5345.1728 | J8: =Province!Z8 -> 5345.1728 | K8: =Province!AA8 -> 5345.1728 | L8: =Province!AK8 -> 10875.701 | M8: =Province!AL8 -> 10875.701 | N8: =Province!AM8 -> 10875.701 | O8: =Province!AW8 -> 14490 | P8: =Province!AX8 -> 14490 | Q8: =Province!AY8 -> 14490
A9: 8 | B9: Zuid-Holland | C9: =Province!M9 -> 3480.3766 | D9: =Province!N9 -> 3480.3766 | E9: =Province!O9 -> 3480.3766 | F9: =Province!M9 -> 3480.3766 | G9: =Province!N9 -> 3480.3766 | H9: =Province!O9 -> 3480.3766 | I9: =Province!Y9 -> 3467.5379 | J9: =Province!Z9 -> 3467.5379 | K9: =Province!AA9 -> 3467.5379 | L9: =Province!AK9 -> 7060.1925 | M9: =Province!AL9 -> 7060.1925 | N9: =Province!AM9 -> 7060.1925 | O9: =Province!AW9 -> 9400 | P9: =Province!AX9 -> 9400 | Q9: =Province!AY9 -> 9400
A10: 9 | B10: Zeeland | C10: =Province!M10 -> 1540.2518 | D10: =Province!N10 -> 1540.2518 | E10: =Province!O10 -> 1540.2518 | F10: =Province!M10 -> 1540.2518 | G10: =Province!N10 -> 1540.2518 | H10: =Province!O10 -> 1540.2518 | I10: =Province!Y10 -> 1534.57 | J10: =Province!Z10 -> 1534.57 | K10: =Province!AA10 -> 1534.57 | L10: =Province!AK10 -> 3124.5107 | M10: =Province!AL10 -> 3124.5107 | N10: =Province!AM10 -> 3124.5107 | O10: =Province!AW10 -> 4160 | P10: =Province!AX10 -> 4160 | Q10: =Province!AY10 -> 4160
A11: 10 | B11: Noord-Brabant | C11: =Province!M11 -> 6072.1464 | D11: =Province!N11 -> 6072.1464 | E11: =Province!O11 -> 6072.1464 | F11: =Province!M11 -> 6072.1464 | G11: =Province!N11 -> 6072.1464 | H11: =Province!O11 -> 6072.1464 | I11: =Province!Y11 -> 6053.4359 | J11: =Province!Z11 -> 6053.4359 | K11: =Province!AA11 -> 6053.4359 | L11: =Province!AK11 -> 12317.783 | M11: =Province!AL11 -> 12317.783 | N11: =Province!AM11 -> 12317.783 | O11: =Province!AW11 -> 16410 | P11: =Province!AX11 -> 16410 | Q11: =Province!AY11 -> 16410
A12: 11 | B12: Limburg | C12: =Province!M12 -> 2243.7321 | D12: =Province!N12 -> 2243.7321 | E12: =Province!O12 -> 2243.7321 | F12: =Province!M12 -> 2243.7321 | G12: =Province!N12 -> 2243.7321 | H12: =Province!O12 -> 2243.7321 | I12: =Province!Y12 -> 2239.1442 | J12: =Province!Z12 -> 2239.1442 | K12: =Province!AA12 -> 2239.1442 | L12: =Province!AK12 -> 4551.5709 | M12: =Province!AL12 -> 4551.5709 | N12: =Province!AM12 -> 4551.5709 | O12: =Province!AW12 -> 6070 | P12: =Province!AX12 -> 6070 | Q12: =Province!AY12 -> 6070
A13: 12 | B13: Flevoland | C13: =Province!M13 -> 740.50566 | D13: =Province!N13 -> 740.50566 | E13: =Province!O13 -> 740.50566 | F13: =Province!M13 -> 740.50566 | G13: =Province!N13 -> 740.50566 | H13: =Province!O13 -> 740.50566 | I13: =Province!Y13 -> 793.10708 | J13: =Province!Z13 -> 793.10708 | K13: =Province!AA13 -> 793.10708 | L13: =Province!AK13 -> 1502.1686 | M13: =Province!AL13 -> 1502.1686 | N13: =Province!AM13 -> 1502.1686 | O13: =Province!AW13 -> 2150 | P13: =Province!AX13 -> 2150 | Q13: =Province!AY13 -> 2150

Sheet BuildingLot
A1: prvnr | B1: Province | C1: A1_2030 | D1: A1_2040 | E1: A1_2050 | F1: A1_Policy_2030 | G1: A1_Policy_2040 | H1: A1_Policy_2050 | I1: A2_2030 | J1: A2_2040 | K1: A2_2050 | L1: B1_2030 | M1: B1_2040 | N1: B1_2050 | O1: B2_2030 | P1: B2_2040 | Q1: B2_2050
A2: 1 | B2: Groningen | C2: 0 | D2: 0 | E2: 0 | F2: 0 | G2: 0 | H2: 0 | I2: 0 | J2: 0 | K2: 0 | L2: 0 | M2: 0 | N2: 0 | O2: 0 | P2: 0 | Q2: 0
A3: 2 | B3: Friesland | C3: 0 | D3: 0 | E3: 0 | F3: 0 | G3: 0 | H3: 0 | I3: 0 | J3: 0 | K3: 0 | L3: 0 | M3: 0 | N3: 0 | O3: 0 | P3: 0 | Q3: 0
A4: 3 | B4: Drenthe | C4: 0 | D4: 0 | E4: 0 | F4: 0 | G4: 0 | H4: 0 | I4: 0 | J4: 0 | K4: 0 | L4: 0 | M4: 0 | N4: 0 | O4: 0 | P4: 0 | Q4: 0
A5: 4 | B5: Overijssel | C5: 0 | D5: 0 | E5: 0 | F5: 0 | G5: 0 | H5: 0 | I5: 0 | J5: 0 | K5: 0 | L5: 0 | M5: 0 | N5: 0 | O5: 0 | P5: 0 | Q5: 0
A6: 5 | B6: Gelderland | C6: 0 | D6: 0 | E6: 0 | F6: 0 | G6: 0 | H6: 0 | I6: 0 | J6: 0 | K6: 0 | L6: 0 | M6: 0 | N6: 0 | O6: 0 | P6: 0 | Q6: 0
A7: 6 | B7: Utrecht | C7: 0 | D7: 0 | E7: 0 | F7: 0 | G7: 0 | H7: 0 | I7: 0 | J7: 0 | K7: 0 | L7: 0 | M7: 0 | N7: 0 | O7: 0 | P7: 0 | Q7: 0
A8: 7 | B8: Noord-Holland | C8: 0 | D8: 0 | E8: 0 | F8: 0 | G8: 0 | H8: 0 | I8: 0 | J8: 0 | K8: 0 | L8: 0 | M8: 0 | N8: 0 | O8: 0 | P8: 0 | Q8: 0
A9: 8 | B9: Zuid-Holland | C9: 0 | D9: 0 | E9: 0 | F9: 0 | G9: 0 | H9: 0 | I9: 0 | J9: 0 | K9: 0 | L9: 0 | M9: 0 | N9: 0 | O9: 0 | P9: 0 | Q9: 0
A10: 9 | B10: Zeeland | C10: 0 | D10: 0 | E10: 0 | F10: 0 | G10: 0 | H10: 0 | I10: 0 | J10: 0 | K10: 0 | L10: 0 | M10: 0 | N10: 0 | O10: 0 | P10: 0 | Q10: 0
A11: 10 | B11: Noord-Brabant | C11: 0 | D11: 0 | E11: 0 | F11: 0 | G11: 0 | H11: 0 | I11: 0 | J11: 0 | K11: 0 | L11: 0 | M11: 0 | N11: 0 | O11: 0 | P11: 0 | Q11: 0
A12: 11 | B12: Limburg | C12: 0 | D12: 0 | E12: 0 | F12: 0 | G12: 0 | H12: 0 | I12: 0 | J12: 0 | K12: 0 | L12: 0 | M12: 0 | N12: 0 | O12: 0 | P12: 0 | Q12: 0
A13: 12 | B13: Flevoland | C13: 0 | D13: 0 | E13: 0 | F13: 0 | G13: 0 | H13: 0 | I13: 0 | J13: 0 | K13: 0 | L13: 0 | M13: 0 | N13: 0 | O13: 0 | P13: 0 | Q13: 0

Sheet Agriculture
A1: prvnr | B1: Province | C1: A1_2030 | D1: A1_2040 | E1: A1_2050 | F1: A1_Policy_2030 | G1: A1_Policy_2040 | H1: A1_Policy_2050 | I1: A2_2030 | J1: A2_2040 | K1: A2_2050 | L1: B1_2030 | M1: B1_2040 | N1: B1_2050 | O1: B2_2030 | P1: B2_2040 | Q1: B2_2050
A2: 1 | B2: Groningen | C2: =-(Residential!C2+Industrial!C2+Recreation!C2+Nature!C2+BuildingLot!C2) -> -2568.0124 | D2: =-(Residential!D2+Industrial!D2+Recreation!D2+Nature!D2+BuildingLot!D2) -> -3783.2907 | E2: =-(Residential!E2+Industrial!E2+Recreation!E2+Nature!E2+BuildingLot!E2) -> -4453.3345 | F2: =-(Residential!F2+Industrial!F2+Recreation!F2+Nature!F2+BuildingLot!F2) -> -2568.0124 | G2: =-(Residential!G2+Industrial!G2+Recreation!G2+Nature!G2+BuildingLot!G2) -> -3783.2907 | H2: =-(Residential!H2+Industrial!H2+Recreation!H2+Nature!H2+BuildingLot!H2) -> -4453.3345 | I2: =-(Residential!I2+Industrial!I2+Recreation!I2+Nature!I2+BuildingLot!I2) -> -2109.3233 | J2: =-(Residential!J2+Industrial!J2+Recreation!J2+Nature!J2+BuildingLot!J2) -> -2758.5987 | ... Q2: =-(Residential!Q2+Industrial!Q2+Recreation!Q2+Nature!Q2+BuildingLot!Q2) -> -5684.8467
A3: 2 | B3: Friesland | C3: =-(Residential!C3+Industrial!C3+Recreation!C3+Nature!C3+BuildingLot!C3) -> -3660.4176 | D3: =-(Residential!D3+Industrial!D3+Recreation!D3+Nature!D3+BuildingLot!D3) -> -4899.036 | E3: =-(Residential!E3+Industrial!E3+Recreation!E3+Nature!E3+BuildingLot!E3) -> -6033.784 | F3: =-(Residential!F3+Industrial!F3+Recreation!F3+Nature!F3+BuildingLot!F3) -> -3660.4176 | G3: =-(Residential!G3+Industrial!G3+Recreation!G3+Nature!G3+BuildingLot!G3) -> -4899.036 | H3: =-(Residential!H3+Industrial!H3+Recreation!H3+Nature!H3+BuildingLot!H3) -> -6033.784 | I3: =-(Residential!I3+Industrial!I3+Recreation!I3+Nature!I3+BuildingLot!I3) -> -3323.6365 | J3: =-(Residential!J3+Industrial!J3+Recreation!J3+Nature!J3+BuildingLot!J3) -> -4158.1991 | ... Q3: =-(Residential!Q3+Industrial!Q3+Recreation!Q3+Nature!Q3+BuildingLot!Q3) -> -9469.5644
A4: 3 | B4: Drenthe | C4: =-(Residential!C4+Industrial!C4+Recreation!C4+Nature!C4+BuildingLot!C4) -> -3624.9977 | D4: =-(Residential!D4+Industrial!D4+Recreation!D4+Nature!D4+BuildingLot!D4) -> -4699.0091 | E4: =-(Residential!E4+Industrial!E4+Recreation!E4+Nature!E4+BuildingLot!E4) -> -5584.4226 | F4: =-(Residential!F4+Industrial!F4+Recreation!F4+Nature!F4+BuildingLot!F4) -> -3624.9977 | G4: =-(Residential!G4+Industrial!G4+Recreation!G4+Nature!G4+BuildingLot!G4) -> -4699.0091 | H4: =-(Residential!H4+Industrial!H4+Recreation!H4+Nature!H4+BuildingLot!H4) -> -5584.4226 | I4: =-(Residential!I4+Industrial!I4+Recreation!I4+Nature!I4+BuildingLot!I4) -> -3285.4491 | J4: =-(Residential!J4+Industrial!J4+Recreation!J4+Nature!J4+BuildingLot!J4) -> -3938.5558 | ... Q4: =-(Residential!Q4+Industrial!Q4+Recreation!Q4+Nature!Q4+BuildingLot!Q4) -> -9042.5
A5: 4 | B5: Overijssel | C5: =-(Residential!C5+Industrial!C5+Recreation!C5+Nature!C5+BuildingLot!C5) -> -4548.3752 | D5: =-(Residential!D5+Industrial!D5+Recreation!D5+Nature!D5+BuildingLot!D5) -> -6748.8394 | E5: =-(Residential!E5+Industrial!E5+Recreation!E5+Nature!E5+BuildingLot!E5) -> -9126.7496 | F5: =-(Residential!F5+Industrial!F5+Recreation!F5+Nature!F5+BuildingLot!F5) -> -4548.3752 | G5: =-(Residential!G5+Industrial!G5+Recreation!G5+Nature!G5+BuildingLot!G5) -> -6748.8394 | H5: =-(Residential!H5+Industrial!H5+Recreation!H5+Nature!H5+BuildingLot!H5) -> -9126.7496 | I5: =-(Residential!I5+Industrial!I5+Recreation!I5+Nature!I5+BuildingLot!I5) -> -3739.5312 | J5: =-(Residential!J5+Industrial!J5+Recreation!J5+Nature!J5+BuildingLot!J5) -> -4932.5739 | ... Q5: =-(Residential!Q5+Industrial!Q5+Recreation!Q5+Nature!Q5+BuildingLot!Q5) -> -10275.216
A6: 5 | B6: Gelderland | C6: =-(Residential!C6+Industrial!C6+Recreation!C6+Nature!C6+BuildingLot!C6) -> -8124.9065 | D6: =-(Residential!D6+Industrial!D6+Recreation!D6+Nature!D6+BuildingLot!D6) -> -12653.197 | E6: =-(Residential!E6+Industrial!E6+Recreation!E6+Nature!E6+BuildingLot!E6) -> -19264.756 | F6: =-(Residential!F6+Industrial!F6+Recreation!F6+Nature!F6+BuildingLot!F6) -> -8124.9065 | G6: =-(Residential!G6+Industrial!G6+Recreation!G6+Nature!G6+BuildingLot!G6) -> -12653.197 | H6: =-(Residential!H6+Industrial!H6+Recreation!H6+Nature!H6+BuildingLot!H6) -> -19264.756 | I6: =-(Residential!I6+Industrial!I6+Recreation!I6+Nature!I6+BuildingLot!I6) -> -5662.4803 | J6: =-(Residential!J6+Industrial!J6+Recreation!J6+Nature!J6+BuildingLot!J6) -> -7091.9982 | ... Q6: =-(Residential!Q6+Industrial!Q6+Recreation!Q6+Nature!Q6+BuildingLot!Q6) -> -15613.633
A7: 6 | B7: Utrecht | C7: =-(Residential!C7+Industrial!C7+Recreation!C7+Nature!C7+BuildingLot!C7) -> -4147.1974 | D7: =-(Residential!D7+Industrial!D7+Recreation!D7+Nature!D7+BuildingLot!D7) -> -7780.7604 | E7: =-(Residential!E7+Industrial!E7+Recreation!E7+Nature!E7+BuildingLot!E7) -> -13674.246 | F7: =-(Residential!F7+Industrial!F7+Recreation!F7+Nature!F7+BuildingLot!F7) -> -4147.1974 | G7: =-(Residential!G7+Industrial!G7+Recreation!G7+Nature!G7+BuildingLot!G7) -> -7780.7604 | H7: =-(Residential!H7+Industrial!H7+Recreation!H7+Nature!H7+BuildingLot!H7) -> -13674.246 | I7: =-(Residential!I7+Industrial!I7+Recreation!I7+Nature!I7+BuildingLot!I7) -> -2335.288 | J7: =-(Residential!J7+Industrial!J7+Recreation!J7+Nature!J7+BuildingLot!J7) -> -3686.6282 | ... Q7: =-(Residential!Q7+Industrial!Q7+Recreation!Q7+Nature!Q7+BuildingLot!Q7) -> -6196.7717
A8: 7 | B8: Noord-Holland | C8: =-(Residential!C8+Industrial!C8+Recreation!C8+Nature!C8+BuildingLot!C8) -> -10073.019 | D8: =-(Residential!D8+Industrial!D8+Recreation!D8+Nature!D8+BuildingLot!D8) -> -15962.716 | E8: =-(Residential!E8+Industrial!E8+Recreation!E8+Nature!E8+BuildingLot!E8) -> -21368.975 | F8: =-(Residential!F8+Industrial!F8+Recreation!F8+Nature!F8+BuildingLot!F8) -> -10073.019 | G8: =-(Residential!G8+Industrial!G8+Recreation!G8+Nature!G8+BuildingLot!G8) -> -15962.716 | H8: =-(Residential!H8+Industrial!H8+Recreation!H8+Nature!H8+BuildingLot!H8) -> -21368.975 | I8: =-(Residential!I8+Industrial!I8+Recreation!I8+Nature!I8+BuildingLot!I8) -> -7445.2436 | J8: =-(Residential!J8+Industrial!J8+Recreation!J8+Nature!J8+BuildingLot!J8) -> -10070.332 | ... Q8: =-(Residential!Q8+Industrial!Q8+Recreation!Q8+Nature!Q8+BuildingLot!Q8) -> -19960.516
A9: 8 | B9: Zuid-Holland | C9: =-(Residential!C9+Industrial!C9+Recreation!C9+Nature!C9+BuildingLot!C9) -> -9525.4746 | D9: =-(Residential!D9+Industrial!D9+Recreation!D9+Nature!D9+BuildingLot!D9) -> -17081.847 | E9: =-(Residential!E9+Industrial!E9+Recreation!E9+Nature!E9+BuildingLot!E9) -> -27525.266 | F9: =-(Residential!F9+Industrial!F9+Recreation!F9+Nature!F9+BuildingLot!F9) -> -9525.4746 | G9: =-(Residential!G9+Industrial!G9+Recreation!G9+Nature!G9+BuildingLot!G9) -> -17081.847 | H9: =-(Residential!H9+Industrial!H9+Recreation!H9+Nature!H9+BuildingLot!H9) -> -27525.266 | I9: =-(Residential!I9+Industrial!I9+Recreation!I9+Nature!I9+BuildingLot!I9) -> -5980.8833 | J9: =-(Residential!J9+Industrial!J9+Recreation!J9+Nature!J9+BuildingLot!J9) -> -9122.565 | ... Q9: =-(Residential!Q9+Industrial!Q9+Recreation!Q9+Nature!Q9+BuildingLot!Q9) -> -16718.178
A10: 9 | B10: Zeeland | C10: =-(Residential!C10+Industrial!C10+Recreation!C10+Nature!C10+BuildingLot!C10) -> -1951.7518 | D10: =-(Residential!D10+Industrial!D10+Recreation!D10+Nature!D10+BuildingLot!D10) -> -2466.1267 | E10: =-(Residential!E10+Industrial!E10+Recreation!E10+Nature!E10+BuildingLot!E10) -> -2853.3726 | F10: =-(Residential!F10+Industrial!F10+Recreation!F10+Nature!F10+BuildingLot!F10) -> -1951.7518 | G10: =-(Residential!G10+Industrial!G10+Recreation!G10+Nature!G10+BuildingLot!G10) -> -2466.1267 | H10: =-(Residential!H10+Industrial!H10+Recreation!H10+Nature!H10+BuildingLot!H10) -> -2853.3726 | I10: =-(Residential!I10+Industrial!I10+Recreation!I10+Nature!I10+BuildingLot!I10) -> -1710.3595 | J10: =-(Residential!J10+Industrial!J10+Recreation!J10+Nature!J10+BuildingLot!J10) -> -1930.0963 | ... Q10: =-(Residential!Q10+Industrial!Q10+Recreation!Q10+Nature!Q10+BuildingLot!Q10) -> -5049.7368
A11: 10 | B11: Noord-Brabant | C11: =-(Residential!C11+Industrial!C11+Recreation!C11+Nature!C11+BuildingLot!C11) -> -11478.451 | D11: =-(Residential!D11+Industrial!D11+Recreation!D11+Nature!D11+BuildingLot!D11) -> -18236.333 | E11: =-(Residential!E11+Industrial!E11+Recreation!E11+Nature!E11+BuildingLot!E11) -> -25059.227 | F11: =-(Residential!F11+Industrial!F11+Recreation!F11+Nature!F11+BuildingLot!F11) -> -11478.451 | G11: =-(Residential!G11+Industrial!G11+Recreation!G11+Nature!G11+BuildingLot!G11) -> -18236.333 | H11: =-(Residential!H11+Industrial!H11+Recreation!H11+Nature!H11+BuildingLot!H11) -> -25059.227 | I11: =-(Residential!I11+Industrial!I11+Recreation!I11+Nature!I11+BuildingLot!I11) -> -7697.7622 | J11: =-(Residential!J11+Industrial!J11+Recreation!J11+Nature!J11+BuildingLot!J11) -> -9753.1701 | ... Q11: =-(Residential!Q11+Industrial!Q11+Recreation!Q11+Nature!Q11+BuildingLot!Q11) -> -20579.61
A12: 11 | B12: Limburg | C12: =-(Residential!C12+Industrial!C12+Recreation!C12+Nature!C12+BuildingLot!C12) -> -3161.5604 | D12: =-(Residential!D12+Industrial!D12+Recreation!D12+Nature!D12+BuildingLot!D12) -> -4308.8458 | E12: =-(Residential!E12+Industrial!E12+Recreation!E12+Nature!E12+BuildingLot!E12) -> -4767.0534 | F12: =-(Residential!F12+Industrial!F12+Recreation!F12+Nature!F12+BuildingLot!F12) -> -3161.5604 | G12: =-(Residential!G12+Industrial!G12+Recreation!G12+Nature!G12+BuildingLot!G12) -> -4308.8458 | H12: =-(Residential!H12+Industrial!H12+Recreation!H12+Nature!H12+BuildingLot!H12) -> -4767.0534 | I12: =-(Residential!I12+Industrial!I12+Recreation!I12+Nature!I12+BuildingLot!I12) -> -2634.6705 | J12: =-(Residential!J12+Industrial!J12+Recreation!J12+Nature!J12+BuildingLot!J12) -> -3129.0784 | ... Q12: =-(Residential!Q12+Industrial!Q12+Recreation!Q12+Nature!Q12+BuildingLot!Q12) -> -7041.4474
A13: 12 | B13: Flevoland | C13: =-(Residential!C13+Industrial!C13+Recreation!C13+Nature!C13+BuildingLot!C13) -> -3063.8185 | D13: =-(Residential!D13+Industrial!D13+Recreation!D13+Nature!D13+BuildingLot!D13) -> -5967.9594 | E13: =-(Residential!E13+Industrial!E13+Recreation!E13+Nature!E13+BuildingLot!E13) -> -9102.353 | F13: =-(Residential!F13+Industrial!F13+Recreation!F13+Nature!F13+BuildingLot!F13) -> -3063.8185 | G13: =-(Residential!G13+Industrial!G13+Recreation!G13+Nature!G13+BuildingLot!G13) -> -5967.9594 | H13: =-(Residential!H13+Industrial!H13+Recreation!H13+Nature!H13+BuildingLot!H13) -> -9102.353 | I13: =-(Residential!I13+Industrial!I13+Recreation!I13+Nature!I13+BuildingLot!I13) -> -1673.8724 | J13: =-(Residential!J13+Industrial!J13+Recreation!J13+Nature!J13+BuildingLot!J13) -> -2774.8291 | ... Q13: =-(Residential!Q13+Industrial!Q13+Recreation!Q13+Nature!Q13+BuildingLot!Q13) -> -4704.5924
